,fic_iServiciosViviendaLuz,fic_iServiciosViviendaAgua,Postulaciones anteriores a la UNMSM,Edad,fic_iServiciosViviendaTelefono,Tipo de preparacion universitaria,Situacion Familiar,Ingreso mensual familiar,Pago mensual de colegio,Tipo de colegio de procedencia,ES INGRESANTE?
0,1,1,2,18,1,1,4,3,0,1,SI
1,1,1,3,21,1,1,3,2,3,0,SI
2,1,1,3,21,1,1,1,2,0,1,SI
3,1,1,3,18,0,0,0,3,3,0,SI
4,1,1,3,19,0,1,4,3,3,0,SI
5,1,1,4,22,1,0,0,3,3,0,SI
6,1,1,1,20,1,1,0,3,3,1,SI
7,1,1,3,23,0,3,4,4,3,0,SI
8,1,1,0,18,0,0,0,0,3,0,SI
9,1,1,2,18,1,2,0,2,3,0,SI
10,1,1,0,18,0,0,0,2,0,1,SI
11,0,0,0,17,0,0,0,3,3,1,NO
12,1,1,4,21,0,0,4,2,3,0,SI
13,1,1,4,20,0,1,0,0,1,1,SI
14,1,1,2,19,0,1,0,0,3,0,SI
15,1,1,4,20,1,0,4,0,0,1,SI
16,1,1,3,20,1,0,0,0,0,1,SI
17,1,1,3,18,1,4,4,0,3,0,SI
18,1,1,2,19,0,0,0,0,0,1,SI
19,1,1,3,19,0,0,0,2,3,0,SI
20,1,1,3,18,1,0,0,1,0,1,SI
21,1,1,0,19,1,0,0,0,3,0,SI
22,1,1,3,20,1,0,0,3,3,0,SI
23,1,1,4,21,1,0,4,3,3,1,SI
24,1,1,4,22,1,1,0,3,3,1,SI
25,1,1,4,18,0,1,0,1,0,1,SI
26,1,1,1,18,1,0,4,0,3,0,SI
27,1,1,1,18,1,1,0,1,0,1,SI
28,1,1,2,19,1,0,1,0,3,0,SI
29,1,1,1,18,0,1,0,3,3,0,SI
30,1,1,2,18,1,4,0,3,0,1,SI
31,1,1,3,20,1,0,0,1,1,1,SI
32,1,1,4,19,1,1,1,1,1,1,SI
33,1,1,1,18,0,0,0,3,3,0,SI
34,1,1,1,18,1,1,4,1,3,0,SI
35,1,1,0,17,1,0,0,3,0,1,SI
36,1,1,4,26,0,0,4,2,3,0,SI
37,1,1,0,16,0,2,0,1,0,1,SI
38,1,1,2,18,0,0,0,0,3,1,SI
39,1,1,2,18,1,0,0,3,3,0,SI
40,1,1,4,21,0,1,0,0,3,0,SI
41,1,1,4,19,1,1,0,0,0,1,SI
42,1,1,1,18,1,0,0,3,0,1,SI
43,1,1,4,22,0,0,0,0,3,0,SI
44,1,1,0,17,1,0,0,1,0,1,NO
45,1,1,2,18,1,4,0,3,3,0,SI
46,1,1,0,18,1,0,0,1,0,1,SI
47,1,1,1,25,1,4,0,3,0,1,SI
48,1,1,4,20,1,1,4,1,0,0,SI
49,1,1,0,17,0,1,1,2,0,1,SI
50,1,1,3,19,1,1,0,1,3,0,SI
51,1,1,4,19,1,1,4,3,0,1,SI
52,1,1,2,19,1,1,4,1,0,1,SI
53,1,1,4,19,1,0,0,1,1,1,SI
54,1,1,3,20,1,2,0,0,3,0,SI
55,1,1,4,21,0,0,0,2,3,0,SI
56,1,1,3,19,1,0,0,1,1,1,SI
57,1,1,2,18,1,1,0,1,3,0,SI
58,1,1,1,19,0,0,0,1,3,0,SI
59,1,1,0,19,0,4,1,4,3,0,SI
60,1,1,2,18,0,0,0,0,3,0,SI
61,1,1,0,22,0,0,2,1,3,0,SI
62,1,1,4,19,0,0,1,3,3,0,SI
63,1,1,0,20,1,2,4,3,0,1,SI
64,1,1,2,19,1,0,1,0,0,1,NO
65,1,1,3,20,1,0,0,3,0,1,SI
66,1,1,0,24,0,4,2,3,3,0,SI
67,1,1,4,19,1,0,1,3,3,0,SI
68,1,1,2,19,0,0,4,3,3,1,SI
69,1,1,4,18,1,1,4,1,0,1,SI
70,1,1,3,17,1,4,0,0,0,1,SI
71,1,1,1,18,1,1,0,3,3,0,SI
72,1,1,4,19,1,1,0,0,1,1,SI
73,1,1,2,21,0,4,0,3,3,0,SI
74,1,1,4,20,1,0,0,0,0,1,SI
75,1,1,1,19,0,0,0,1,3,0,SI
76,1,1,2,20,0,0,1,1,3,0,SI
77,1,1,2,17,1,1,0,3,3,0,SI
78,1,1,0,18,1,0,0,1,0,1,SI
79,1,1,4,22,1,0,4,3,3,0,SI
80,1,1,0,20,0,0,3,4,3,0,SI
81,1,1,3,22,1,1,4,3,0,1,SI
82,1,1,3,20,1,0,0,3,3,0,SI
83,1,1,2,19,1,0,1,3,1,1,SI
84,1,1,1,18,1,0,1,0,0,1,SI
85,1,1,4,21,0,0,4,0,0,1,SI
86,1,1,2,18,0,0,0,2,3,0,SI
87,1,1,4,20,0,1,0,1,3,0,SI
88,1,1,4,25,1,1,3,1,0,1,SI
89,1,1,1,17,1,0,0,1,2,1,SI
90,1,1,0,17,1,1,4,1,2,1,SI
91,1,0,1,25,0,1,0,2,3,0,SI
92,1,1,1,18,1,1,0,3,0,1,SI
93,1,1,3,20,1,1,0,1,2,1,SI
94,1,1,4,20,1,1,0,3,3,0,SI
95,1,1,4,20,1,1,0,1,2,1,SI
96,1,1,1,18,0,1,0,0,3,1,SI
97,1,1,1,19,0,0,0,3,3,0,SI
98,1,1,0,17,0,4,4,3,0,1,SI
99,1,1,4,19,0,0,0,2,3,0,SI
100,1,1,3,18,0,1,0,3,0,1,SI
101,1,1,1,15,1,0,0,1,0,0,NO
102,1,1,2,25,1,0,0,1,0,1,SI
103,1,1,2,18,1,0,0,0,2,1,SI
104,1,1,0,16,0,4,0,0,0,1,SI
105,1,1,1,18,1,0,4,3,0,1,SI
106,1,1,1,18,1,0,0,3,3,0,SI
107,1,1,4,22,1,1,0,1,1,1,SI
108,1,1,2,17,1,1,0,1,2,1,SI
109,0,0,1,16,0,3,0,3,3,1,NO
110,1,0,1,18,0,0,4,1,3,1,SI
111,1,1,1,18,1,4,0,3,0,1,SI
112,1,1,3,19,1,1,0,1,2,1,SI
113,1,1,3,19,0,0,2,1,0,1,SI
114,1,1,0,19,1,0,4,3,3,1,SI
115,1,1,0,16,1,2,0,1,0,1,NO
116,1,1,3,21,0,0,1,0,3,0,SI
117,1,1,3,18,1,1,0,0,0,1,SI
118,1,1,2,19,1,0,0,1,0,1,SI
119,1,1,4,20,1,3,3,0,3,1,SI
120,1,1,4,22,1,0,0,3,0,1,SI
121,1,1,1,21,0,4,0,3,0,1,SI
122,1,1,1,20,0,0,1,2,3,0,SI
123,1,1,3,20,0,0,0,2,0,0,SI
124,1,1,2,17,1,0,4,2,3,0,SI
125,1,1,1,17,1,0,0,0,0,1,SI
126,1,1,4,23,1,4,0,4,3,0,SI
127,1,1,1,18,1,1,0,1,2,1,SI
128,1,1,2,18,0,1,1,3,3,0,SI
129,1,1,2,20,1,1,4,2,0,1,SI
130,1,1,2,21,1,0,4,3,0,1,SI
131,1,1,1,18,1,1,0,0,0,1,SI
132,1,1,2,17,0,2,4,3,0,1,SI
133,1,0,1,19,0,0,0,0,3,0,SI
134,1,1,1,18,1,0,4,0,0,1,SI
135,1,1,4,20,1,1,0,3,0,1,SI
136,1,1,0,18,1,0,0,0,3,0,SI
137,1,1,4,20,0,1,3,0,3,1,SI
138,1,1,2,18,0,4,1,4,3,0,SI
139,1,1,1,18,1,0,0,0,0,0,SI
140,1,1,0,18,1,0,0,0,1,1,SI
141,1,1,3,20,1,4,4,2,3,0,SI
142,1,1,4,22,1,1,1,1,3,0,SI
143,1,1,3,19,0,1,0,0,3,0,SI
144,1,1,4,20,1,1,3,1,0,1,SI
145,1,1,3,19,1,0,4,2,3,0,SI
146,1,1,1,19,0,1,0,0,3,0,SI
147,1,1,2,20,1,0,4,3,3,0,SI
148,1,1,1,18,1,1,0,1,2,1,SI
149,1,1,1,18,1,0,0,1,2,1,SI
150,1,1,1,19,1,0,0,2,3,0,SI
151,1,1,1,17,1,0,0,1,0,1,SI
152,1,1,2,16,1,4,0,1,3,1,SI
153,1,1,0,18,1,0,1,3,3,0,SI
154,1,1,3,19,0,0,4,2,0,1,SI
155,1,1,1,17,0,1,0,2,0,1,SI
156,1,1,1,19,1,1,0,1,3,1,SI
157,1,1,1,17,1,0,0,0,0,1,SI
158,1,1,2,22,0,1,4,3,3,1,SI
159,1,1,3,19,0,1,0,1,3,1,SI
160,1,1,4,19,1,1,0,1,3,0,SI
161,1,1,1,17,1,1,1,0,3,1,SI
162,1,1,4,20,1,1,0,1,0,1,SI
163,1,1,4,19,1,1,0,1,3,0,SI
164,1,1,2,20,1,1,0,3,0,1,SI
165,1,1,4,19,1,1,4,1,1,1,SI
166,1,1,4,19,1,1,0,1,3,0,SI
167,1,1,1,17,0,1,4,0,1,1,SI
168,1,1,3,18,1,1,2,0,1,1,SI
169,1,1,0,17,0,0,4,4,3,0,SI
170,1,1,1,18,1,1,4,1,0,1,SI
171,1,1,1,18,1,1,0,1,3,0,SI
172,1,1,0,18,1,0,0,0,0,1,SI
173,1,1,1,19,1,0,0,3,3,0,SI
174,1,1,4,22,0,0,0,3,3,0,SI
175,1,1,2,30,1,4,0,0,0,1,SI
176,1,1,4,24,0,0,2,2,3,0,SI
177,1,1,4,21,1,1,0,1,3,1,SI
178,1,0,3,22,0,1,1,3,3,0,SI
179,1,1,3,19,1,0,0,0,3,0,SI
180,1,1,4,19,1,0,4,1,3,0,SI
181,1,1,1,18,0,0,0,3,0,1,SI
182,1,1,0,17,1,4,0,1,1,1,SI
183,1,1,1,18,1,0,0,2,3,1,SI
184,1,1,2,18,1,0,0,1,0,1,SI
185,1,1,4,20,1,4,0,0,3,0,SI
186,1,1,3,20,1,0,0,3,3,0,SI
187,1,1,4,20,0,1,3,1,3,0,SI
188,1,1,3,20,0,4,0,3,0,1,SI
189,1,1,2,19,1,1,0,3,3,0,SI
190,1,1,2,20,1,0,0,3,3,0,SI
191,1,1,2,21,0,2,0,3,3,0,SI
192,1,1,4,20,1,1,0,1,0,1,SI
193,1,1,1,18,0,1,0,0,1,1,SI
194,1,1,4,21,1,1,0,3,0,1,SI
195,1,1,2,19,0,1,4,2,0,1,SI
196,1,1,3,18,1,1,4,1,2,1,SI
197,1,1,2,19,1,1,3,1,1,1,SI
198,1,1,2,21,1,1,0,3,3,0,SI
199,1,1,4,22,0,1,2,0,0,0,SI
200,1,1,2,20,0,1,0,1,0,1,SI
201,1,1,4,24,0,1,0,0,3,0,SI
202,1,1,0,16,1,3,4,3,0,1,SI
203,0,0,4,19,0,0,0,3,3,0,NO
204,1,1,2,19,0,0,0,0,3,0,SI
205,1,1,0,19,1,0,0,3,0,0,SI
206,1,1,3,20,1,0,0,1,3,0,SI
207,1,1,2,17,1,0,0,1,0,1,SI
208,1,1,4,28,1,4,4,4,3,0,SI
209,1,1,1,18,0,0,0,3,0,1,SI
210,1,1,4,20,0,1,2,1,0,1,SI
211,1,1,3,24,1,0,1,2,1,1,SI
212,1,1,4,20,1,1,4,3,0,1,SI
213,0,0,1,17,0,0,0,3,3,1,NO
214,1,1,1,17,0,1,0,2,0,1,SI
215,1,1,2,20,1,0,0,3,0,1,SI
216,1,1,3,19,0,0,4,3,3,0,SI
217,1,1,0,18,1,1,4,3,1,1,SI
218,0,0,0,17,0,2,0,3,3,1,NO
219,1,1,3,20,1,0,0,3,1,1,SI
220,1,1,4,20,0,0,0,1,0,1,SI
221,1,1,4,21,1,1,3,1,3,0,SI
222,1,1,3,20,1,1,4,1,2,1,SI
223,1,1,1,18,1,0,0,0,3,0,SI
224,1,1,2,18,1,0,0,1,0,1,SI
225,0,0,0,16,0,2,0,3,3,1,NO
226,1,1,3,20,1,0,0,1,0,1,SI
227,1,1,4,19,1,4,0,1,0,1,SI
228,1,1,4,21,1,4,0,1,3,0,SI
229,1,1,2,22,1,0,0,0,3,0,SI
230,1,0,1,18,0,0,4,1,0,1,SI
231,1,1,4,19,0,1,0,3,0,1,SI
232,1,0,1,18,0,0,4,1,3,0,SI
233,1,1,0,18,1,0,0,1,1,1,SI
234,1,1,1,18,1,0,0,0,0,1,SI
235,1,1,0,17,1,4,0,3,3,0,SI
236,1,1,4,20,1,0,0,1,0,1,SI
237,1,1,3,20,1,0,0,2,0,1,SI
238,1,1,4,21,1,1,4,3,3,0,SI
239,1,1,4,19,1,1,3,0,3,0,SI
240,0,1,3,20,0,1,0,3,3,0,SI
241,1,1,2,18,1,1,4,3,0,1,SI
242,1,1,3,18,1,1,2,1,0,1,SI
243,1,1,3,18,0,1,1,3,3,1,SI
244,1,1,3,19,1,0,3,0,3,0,SI
245,1,1,4,23,1,1,0,0,0,1,SI
246,1,1,2,18,1,1,0,1,2,1,SI
247,1,1,1,17,1,0,0,1,1,1,SI
248,1,1,0,19,1,0,0,3,3,0,SI
249,1,1,1,18,0,0,0,0,3,0,SI
250,1,1,3,19,0,4,4,3,0,1,SI
251,1,1,4,40,1,4,0,1,2,1,SI
252,1,1,4,22,1,0,0,3,3,0,SI
253,1,1,4,20,1,1,0,1,0,1,SI
254,1,1,4,26,1,4,0,0,0,1,SI
255,1,1,4,23,1,0,0,4,3,0,SI
256,1,1,4,24,0,1,2,3,0,1,SI
257,1,1,2,19,1,0,0,0,3,0,SI
258,1,1,2,17,1,1,4,3,0,1,SI
259,1,1,2,19,1,0,0,1,0,1,SI
260,1,1,2,19,0,0,0,3,3,0,SI
261,1,1,4,23,1,0,0,1,1,1,SI
262,1,1,0,18,1,0,0,1,3,0,SI
263,1,1,3,20,1,1,4,0,3,0,SI
264,1,1,1,24,1,4,0,3,3,0,SI
265,1,1,3,20,0,0,1,1,3,0,SI
266,1,1,4,19,1,1,3,3,3,0,SI
267,1,1,4,22,1,0,4,3,3,1,SI
268,1,1,4,20,1,0,0,1,0,1,SI
269,0,0,0,17,0,0,0,3,3,1,NO
270,1,1,2,23,0,0,4,2,3,1,SI
271,1,1,2,19,1,0,1,0,1,1,SI
272,1,1,4,22,1,4,0,0,3,0,SI
273,1,1,3,20,0,0,0,3,3,0,SI
274,1,1,4,19,1,1,0,1,3,0,SI
275,1,1,0,20,1,0,0,3,3,1,SI
276,1,1,0,16,1,3,0,3,1,1,SI
277,1,1,4,21,1,4,0,4,3,0,SI
278,1,1,3,20,0,1,0,0,3,1,SI
279,1,1,3,18,0,1,4,3,3,0,SI
280,1,1,2,18,1,1,0,0,3,0,SI
281,1,1,1,17,1,1,0,0,0,1,SI
282,1,1,4,19,1,1,4,3,0,1,SI
283,1,1,3,19,1,1,0,0,0,1,SI
284,1,1,2,21,0,1,4,0,3,1,SI
285,1,1,4,20,0,1,3,3,3,0,SI
286,1,1,2,19,1,1,0,2,0,1,SI
287,1,1,4,20,1,1,0,3,0,1,SI
288,1,1,3,20,1,1,0,3,1,1,SI
289,1,1,2,18,1,1,0,3,3,0,SI
290,1,1,4,18,1,0,0,1,3,0,SI
291,1,1,1,18,0,1,0,3,0,1,SI
292,1,1,4,18,1,4,0,1,2,1,SI
293,1,1,2,20,0,1,1,2,0,1,SI
294,1,1,2,18,1,1,0,0,2,1,SI
295,1,1,2,18,0,1,0,0,0,1,SI
296,1,1,3,20,0,1,2,3,3,0,SI
297,1,1,3,20,0,2,0,2,3,0,SI
298,1,1,1,24,1,1,0,0,3,0,SI
299,0,0,4,20,0,0,0,3,3,0,NO
300,1,1,4,19,0,0,4,3,0,1,SI
301,1,1,3,19,1,4,4,0,2,1,SI
302,1,1,3,20,0,0,0,1,3,1,SI
303,1,1,0,17,1,2,0,1,2,1,SI
304,1,0,3,22,0,0,4,2,3,0,SI
305,1,1,2,18,1,0,0,3,0,1,SI
306,1,1,1,18,1,1,1,1,3,0,SI
307,1,1,0,18,1,2,0,1,1,1,SI
308,1,1,4,22,0,1,0,2,3,0,SI
309,1,1,4,21,1,1,0,3,0,1,SI
310,1,1,2,19,0,1,4,4,0,1,SI
311,1,1,4,18,1,1,1,1,1,1,SI
312,1,1,4,20,0,1,0,2,0,1,SI
313,1,1,1,19,1,1,4,1,2,1,SI
314,1,1,3,18,1,1,0,3,1,1,SI
315,1,1,3,19,1,1,4,1,0,1,SI
316,1,1,3,20,1,1,0,0,1,0,SI
317,1,1,3,18,1,1,0,1,0,1,SI
318,1,1,4,20,1,1,0,1,1,1,SI
319,1,1,3,19,1,1,0,0,0,1,SI
320,1,1,2,19,0,1,0,2,3,0,SI
321,1,1,4,21,1,1,0,3,0,1,SI
322,1,1,3,20,0,1,2,0,0,1,SI
323,1,1,1,19,0,1,0,2,3,0,SI
324,1,1,1,19,1,2,0,3,0,1,SI
325,0,0,0,18,0,0,0,3,3,1,NO
326,1,1,0,18,1,0,4,0,0,1,SI
327,1,1,4,22,1,0,3,1,3,0,SI
328,1,1,0,18,1,0,0,0,0,1,SI
329,1,1,1,20,1,1,1,1,0,1,SI
330,1,1,1,17,1,0,0,0,3,0,SI
331,1,1,0,16,0,4,0,1,1,1,SI
332,1,1,2,18,1,0,0,3,3,0,SI
333,1,1,0,19,1,1,0,0,0,1,SI
334,1,1,0,18,1,0,0,3,2,1,SI
335,1,1,2,20,0,1,0,2,3,0,SI
336,0,0,1,19,0,0,0,3,3,0,NO
337,1,1,1,19,1,0,4,3,1,1,SI
338,0,0,0,17,0,3,0,3,3,1,NO
339,1,1,0,17,1,0,0,1,0,1,SI
340,0,0,0,18,0,0,0,3,3,1,NO
341,1,1,0,17,0,0,1,1,2,1,SI
342,1,1,2,20,1,2,0,2,3,0,SI
343,1,1,2,19,0,0,3,3,3,0,SI
344,1,1,4,21,1,1,4,1,3,1,SI
345,1,1,2,19,1,0,0,3,0,1,SI
346,1,1,1,17,1,1,1,1,3,0,SI
347,0,0,1,16,0,3,0,3,3,1,NO
348,0,0,0,16,0,0,0,3,3,1,NO
349,1,1,4,22,1,2,1,2,3,0,SI
350,1,1,3,18,1,1,1,0,0,1,SI
351,1,1,2,18,0,0,4,4,3,0,SI
352,1,1,2,17,1,0,4,1,2,1,SI
353,1,1,1,18,1,0,0,0,3,0,SI
354,1,1,0,17,1,0,0,1,2,1,SI
355,1,1,2,18,0,1,0,3,3,0,SI
356,1,1,3,21,0,1,0,0,0,1,SI
357,1,1,3,20,1,1,0,0,0,1,SI
358,1,1,0,18,1,0,4,3,0,1,SI
359,1,1,2,20,1,1,0,0,0,1,SI
360,1,1,4,19,1,1,4,1,2,1,SI
361,1,1,3,18,0,1,4,0,2,1,SI
362,1,1,3,19,0,1,0,3,0,1,SI
363,1,1,4,20,0,1,3,1,0,1,SI
364,1,1,4,28,0,1,0,2,3,0,SI
365,1,1,0,18,1,0,0,1,0,1,SI
366,1,1,3,18,1,3,4,0,0,1,SI
367,1,1,3,19,1,0,0,1,0,1,SI
368,1,1,1,17,1,0,0,1,3,0,SI
369,1,1,4,20,1,1,2,1,0,1,SI
370,1,1,1,18,0,0,0,3,3,0,SI
371,1,1,1,17,1,0,0,1,0,1,SI
372,1,1,3,20,1,4,4,1,3,0,SI
373,1,1,4,21,1,4,0,3,1,1,SI
374,1,1,0,17,0,0,4,2,3,0,SI
375,1,1,2,19,1,0,4,3,3,0,SI
376,1,1,4,22,1,1,0,0,3,0,SI
377,1,1,0,19,0,0,0,3,3,1,SI
378,0,0,2,18,0,0,0,3,3,1,NO
379,1,1,4,19,1,0,0,0,0,1,SI
380,1,1,2,19,1,1,0,1,3,0,SI
381,1,1,0,17,1,4,0,3,1,1,SI
382,1,1,2,19,1,0,1,3,1,1,SI
383,1,0,3,20,0,0,0,3,3,0,SI
384,1,1,4,22,0,1,3,2,0,1,SI
385,1,1,3,20,1,1,4,3,3,0,SI
386,1,1,1,18,1,1,0,3,0,1,SI
387,1,1,0,18,0,0,0,3,2,1,SI
388,1,1,2,20,1,1,1,0,0,1,SI
389,1,1,3,19,1,0,0,3,3,0,SI
390,1,1,2,20,1,0,0,0,3,0,SI
391,1,1,3,18,1,1,0,1,0,1,SI
392,1,1,2,19,0,0,0,0,0,1,SI
393,1,1,2,17,1,1,0,1,0,1,SI
394,1,1,3,19,0,1,0,3,0,1,SI
395,1,1,2,19,1,1,0,3,0,1,SI
396,1,1,4,19,1,1,4,2,3,0,SI
397,0,1,3,20,0,1,0,0,2,1,SI
398,1,1,2,22,1,1,3,0,3,0,SI
399,1,1,1,18,1,1,0,3,0,1,SI
400,1,1,1,18,1,1,0,3,0,1,SI
401,1,0,3,19,0,0,0,3,0,1,SI
402,1,1,2,23,0,0,0,3,3,0,SI
403,1,1,3,20,0,0,1,3,3,0,SI
404,1,1,4,20,1,0,4,2,3,0,SI
405,1,1,4,20,0,4,4,3,1,1,SI
406,1,0,1,18,0,0,0,3,3,0,SI
407,1,1,3,20,1,0,1,2,1,1,SI
408,1,1,0,16,1,0,0,0,0,1,NO
409,1,1,4,19,1,0,0,0,2,1,SI
410,1,1,2,17,0,0,0,3,0,1,SI
411,1,1,4,22,1,1,0,0,3,0,SI
412,1,1,2,19,1,0,0,3,0,1,SI
413,1,1,4,21,1,0,4,0,0,1,SI
414,1,1,4,19,1,0,0,0,0,1,SI
415,1,1,3,19,1,4,0,1,0,0,SI
416,1,1,4,20,1,1,4,2,0,1,SI
417,1,1,1,19,0,0,3,3,3,0,SI
418,1,1,2,17,1,0,0,3,0,1,SI
419,1,1,4,24,1,0,0,1,3,0,SI
420,1,1,1,20,0,0,0,2,3,0,SI
421,1,1,3,21,1,4,0,3,3,0,SI
422,0,0,0,16,0,4,0,3,3,1,NO
423,1,1,1,17,0,0,0,2,0,1,SI
424,0,0,0,16,0,2,0,3,3,1,NO
425,0,0,1,16,0,3,0,3,3,1,NO
426,1,1,2,18,1,0,0,0,3,0,SI
427,1,1,1,19,1,4,1,4,3,0,SI
428,0,0,0,16,0,0,0,3,3,1,NO
429,1,1,1,19,0,0,4,3,3,0,SI
430,1,1,0,17,1,3,0,1,3,1,SI
431,1,1,3,20,0,0,0,2,0,1,SI
432,0,0,0,17,0,3,0,3,3,1,NO
433,1,1,2,19,1,0,4,3,0,1,SI
434,0,0,0,17,0,4,0,3,3,1,NO
435,0,0,0,16,0,2,0,3,3,1,NO
436,1,1,0,17,1,3,0,1,1,1,NO
437,0,0,0,17,0,2,0,3,3,1,NO
438,1,1,4,20,1,1,4,0,0,1,SI
439,1,1,1,20,1,4,0,3,0,1,SI
440,0,0,0,16,0,4,0,3,3,1,NO
441,1,1,3,22,0,0,0,0,3,0,SI
442,1,1,2,19,0,2,0,3,0,0,SI
443,1,1,1,19,1,0,0,1,1,1,SI
444,0,0,0,15,0,4,0,3,3,1,NO
445,0,0,0,13,0,2,0,3,3,1,NO
446,1,1,0,17,1,1,0,1,1,1,SI
447,1,1,4,18,0,4,4,3,0,1,SI
448,1,1,1,20,1,0,0,1,0,1,SI
449,1,1,0,17,1,0,4,1,3,0,SI
450,1,1,2,18,1,0,0,1,0,1,SI
451,1,1,0,17,1,0,0,1,0,1,SI
452,1,1,0,20,0,4,4,3,0,1,SI
453,1,1,1,18,1,0,0,0,2,1,SI
454,1,1,2,18,0,0,0,3,3,0,SI
455,0,0,0,15,0,2,0,3,3,1,NO
456,1,1,0,19,1,0,4,3,3,0,SI
457,0,0,0,15,0,0,0,3,3,1,NO
458,1,1,2,19,1,0,0,0,0,1,SI
459,0,0,0,17,0,4,0,3,3,1,NO
460,0,0,0,17,0,0,0,3,3,1,NO
461,1,1,0,16,0,2,0,0,0,1,SI
462,1,1,2,20,0,0,0,3,3,0,SI
463,1,1,0,16,1,4,0,1,2,1,SI
464,0,0,0,16,0,2,0,3,3,0,NO
465,1,1,2,17,1,0,4,0,0,1,SI
466,1,1,4,20,1,4,0,3,3,0,SI
467,0,0,0,17,0,0,0,3,3,1,NO
468,1,1,2,24,1,0,0,3,3,0,SI
469,1,1,2,17,1,1,0,1,2,1,SI
470,1,1,0,19,1,2,4,0,3,0,SI
471,0,0,0,17,0,2,0,3,3,1,NO
472,1,1,4,20,1,0,0,0,0,1,SI
473,1,1,4,18,1,0,0,0,3,0,SI
474,1,1,1,19,1,0,1,3,1,1,SI
475,1,1,1,17,1,1,0,1,0,1,SI
476,1,1,2,22,0,1,4,2,3,0,SI
477,1,1,3,21,1,1,0,1,0,1,SI
478,1,1,4,20,1,1,0,0,0,0,SI
479,1,1,1,18,1,1,0,1,3,0,SI
480,1,1,4,18,1,1,1,1,0,0,SI
481,1,1,4,20,1,1,0,0,0,1,SI
482,1,1,1,24,1,1,0,1,3,0,SI
483,1,1,2,18,1,1,0,3,0,1,SI
484,1,1,0,35,1,1,0,2,3,0,SI
485,1,1,4,19,1,1,0,1,1,1,SI
486,1,1,1,21,1,1,0,3,3,0,SI
487,1,1,1,20,1,1,4,2,3,1,SI
488,1,1,2,21,1,1,0,4,3,0,SI
489,1,1,4,20,0,1,0,3,3,0,SI
490,1,1,3,20,1,1,0,3,1,1,SI
491,0,0,0,16,0,2,0,3,3,1,NO
492,1,1,4,21,1,0,4,1,0,1,SI
493,1,1,2,22,1,4,0,3,0,1,SI
494,0,0,1,16,0,4,0,3,3,1,NO
495,0,0,0,16,0,2,0,3,3,1,NO
496,0,0,0,14,0,2,0,3,3,1,NO
497,1,1,1,19,1,1,4,1,2,1,SI
498,1,1,4,19,1,4,0,0,0,1,SI
499,1,1,4,22,0,4,4,3,3,0,SI
500,1,1,2,20,1,0,0,1,3,0,SI
501,1,1,3,19,1,0,4,0,1,1,SI
502,1,1,0,17,1,3,0,1,2,1,SI
503,1,1,3,24,1,4,0,1,0,1,SI
504,1,1,0,16,0,3,0,3,0,1,SI
505,1,1,2,20,1,0,4,2,3,0,SI
506,1,1,2,19,1,0,0,0,3,0,SI
507,1,1,3,19,0,1,0,1,3,0,SI
508,0,0,0,17,0,0,0,3,3,1,NO
509,1,1,3,19,1,4,0,2,0,1,SI
510,1,1,1,19,0,4,4,2,3,0,SI
511,0,0,0,14,0,0,0,3,3,0,NO
512,0,0,0,17,0,4,0,3,3,1,NO
513,0,0,3,17,0,0,0,3,3,0,NO
514,0,0,0,17,0,2,0,3,3,1,NO
515,0,0,0,15,0,0,0,3,3,1,NO
516,0,0,0,16,0,4,0,3,3,1,NO
517,1,1,2,18,0,0,0,1,0,1,SI
518,1,1,0,17,0,3,0,3,0,1,SI
519,1,1,1,20,0,4,3,4,3,0,SI
520,1,1,1,18,1,0,0,0,3,0,SI
521,1,1,0,17,0,3,0,0,0,1,SI
522,1,0,1,22,0,3,1,0,0,1,SI
523,0,0,0,16,0,2,0,3,3,1,NO
524,1,1,1,24,1,0,0,3,3,0,SI
525,1,1,2,19,1,0,0,0,3,0,SI
526,1,1,0,17,1,3,4,1,2,1,NO
527,1,1,0,17,1,0,0,1,0,1,NO
528,1,1,3,20,1,0,0,1,1,1,SI
529,0,0,0,15,0,4,0,3,3,1,NO
530,0,0,0,17,0,2,0,3,3,1,NO
531,1,1,2,19,0,0,0,3,3,0,SI
532,1,1,0,25,0,4,0,1,3,0,SI
533,0,0,0,16,0,0,0,3,3,1,NO
534,1,1,2,19,1,1,4,0,1,1,SI
535,1,1,3,25,0,0,0,3,3,0,SI
536,1,1,3,23,0,0,0,3,3,0,SI
537,1,1,4,19,1,1,0,1,0,1,SI
538,1,1,1,19,1,1,4,0,2,1,SI
539,1,1,0,18,1,4,0,1,2,1,SI
540,1,1,0,18,1,0,0,0,0,1,SI
541,1,1,1,21,1,4,0,0,0,1,SI
542,1,1,0,16,1,4,0,1,1,1,SI
543,0,0,1,11,0,4,0,3,3,1,NO
544,0,0,0,14,0,2,0,3,3,1,NO
545,1,1,0,20,0,0,4,3,3,0,SI
546,1,1,3,20,0,0,4,0,3,0,SI
547,0,0,0,15,0,0,0,3,3,1,NO
548,0,0,1,16,0,0,0,3,3,1,NO
549,0,0,0,15,0,2,0,3,3,0,NO
550,1,1,0,18,1,2,0,0,1,1,SI
551,0,0,1,17,0,4,0,3,3,1,NO
552,1,1,2,19,0,0,0,2,3,0,SI
553,1,1,1,18,0,0,0,3,3,0,SI
554,0,0,0,15,0,2,0,3,3,1,NO
555,1,1,0,18,0,0,1,3,3,0,SI
556,0,0,0,17,0,4,0,3,3,1,NO
557,0,0,0,15,0,2,0,3,3,1,NO
558,1,1,0,16,0,3,0,2,3,1,NO
559,1,1,3,18,1,0,0,0,0,1,SI
560,1,0,0,18,0,0,0,3,1,1,SI
561,0,0,0,16,0,2,0,3,3,0,NO
562,0,0,0,16,0,0,0,3,3,0,NO
563,1,0,2,22,0,0,3,2,3,0,SI
564,1,1,1,18,0,0,0,3,3,0,SI
565,1,1,0,19,1,0,0,1,0,0,SI
566,0,0,1,16,0,0,0,3,3,1,NO
567,1,1,2,17,1,0,0,3,0,1,SI
568,0,0,0,15,0,3,0,3,3,1,NO
569,0,0,0,15,0,3,0,3,3,1,NO
570,1,1,3,16,1,4,0,1,3,1,SI
571,0,0,0,15,0,2,0,3,3,1,NO
572,0,0,0,16,0,2,0,3,3,1,NO
573,1,1,0,17,1,4,0,1,0,1,NO
574,1,1,3,18,1,0,0,3,0,1,SI
575,0,0,0,17,0,3,0,3,3,1,NO
576,1,1,1,19,0,0,0,0,3,0,SI
577,0,0,0,15,0,4,0,3,3,1,NO
578,1,1,2,19,1,1,1,1,2,1,SI
579,1,1,3,22,1,0,0,1,3,0,SI
580,0,0,0,17,0,2,0,3,3,1,NO
581,1,1,0,18,1,4,1,0,3,0,SI
582,0,0,0,15,0,4,0,3,3,1,NO
583,1,1,2,19,0,2,4,2,3,0,SI
584,0,0,0,16,0,2,0,3,3,1,NO
585,1,1,0,18,0,0,0,3,0,1,SI
586,0,0,0,16,0,4,0,3,3,1,NO
587,1,1,0,17,1,3,0,0,0,1,SI
588,1,0,2,18,0,0,0,4,3,0,SI
589,0,0,0,17,0,2,0,3,3,1,NO
590,1,1,0,19,1,1,0,1,0,1,SI
591,1,1,4,19,1,4,4,1,3,0,SI
592,1,1,1,18,0,0,0,0,0,0,SI
593,1,1,1,19,1,2,0,3,0,1,SI
594,0,0,0,16,0,4,0,3,3,1,NO
595,1,1,4,19,1,0,0,3,1,1,SI
596,1,1,1,22,0,0,0,2,0,1,SI
597,1,1,1,17,1,0,0,3,0,0,SI
598,1,0,0,19,0,2,0,2,3,0,SI
599,1,1,0,18,1,0,0,1,3,0,SI
600,1,1,3,19,0,1,3,1,3,0,SI
601,1,1,1,25,0,4,1,4,3,0,SI
602,1,1,0,17,1,3,0,0,2,1,SI
603,1,1,2,19,0,0,2,3,3,0,SI
604,1,1,2,18,1,1,1,0,3,0,SI
605,0,0,0,15,0,4,0,3,3,1,NO
606,1,1,1,18,0,4,1,3,3,0,SI
607,1,1,0,15,1,2,0,0,0,1,NO
608,1,1,3,18,1,0,4,1,2,1,SI
609,0,0,0,14,0,4,0,3,3,1,NO
610,1,1,2,18,0,0,4,3,3,0,SI
611,1,1,1,18,1,0,4,2,3,0,SI
612,1,0,1,17,0,0,0,2,0,1,SI
613,1,1,1,14,1,0,0,1,1,0,NO
614,1,1,3,19,1,0,1,3,0,1,SI
615,1,1,0,18,1,4,0,3,0,1,SI
616,1,1,3,20,1,0,0,1,0,1,SI
617,0,0,0,15,0,0,0,3,3,0,NO
618,1,1,0,18,1,0,2,1,0,1,SI
619,1,1,1,19,0,4,4,1,2,1,SI
620,1,1,1,19,1,1,0,3,3,0,SI
621,1,1,3,19,0,4,0,3,3,0,SI
622,1,1,3,18,0,1,4,3,3,0,SI
623,0,0,0,17,0,2,0,3,3,1,NO
624,0,0,0,16,0,4,0,3,3,1,NO
625,0,0,0,17,0,2,0,3,3,1,NO
626,0,0,0,15,0,3,0,3,3,1,NO
627,1,1,3,20,1,0,0,3,1,1,SI
628,1,1,1,19,1,0,0,3,3,0,SI
629,1,1,2,17,0,1,0,0,1,1,SI
630,1,1,4,19,1,1,0,3,3,0,SI
631,1,0,3,20,0,1,0,3,0,1,SI
632,1,1,3,19,0,1,3,3,1,1,SI
633,1,1,2,24,1,1,0,0,0,1,SI
634,1,1,0,17,0,1,0,2,0,1,SI
635,1,1,2,19,0,1,0,1,3,0,SI
636,1,1,2,18,1,1,1,3,0,1,SI
637,0,1,4,21,0,1,0,3,3,0,SI
638,1,1,4,22,1,1,0,1,0,1,SI
639,1,1,3,22,0,1,4,3,3,0,SI
640,1,1,4,20,1,1,3,1,0,1,SI
641,1,1,2,18,0,1,0,2,3,0,SI
642,1,1,2,19,1,0,0,0,3,0,SI
643,1,1,2,21,0,0,4,3,3,0,SI
644,0,1,1,18,0,0,0,3,3,0,SI
645,0,0,0,17,0,2,0,3,3,1,NO
646,1,1,4,20,1,0,0,3,0,1,SI
647,1,1,0,17,1,2,0,1,0,1,SI
648,1,1,0,17,1,4,0,1,0,1,SI
649,1,1,1,18,1,0,0,1,3,1,SI
650,1,0,2,21,0,0,0,2,3,0,SI
651,0,0,0,16,0,3,0,3,3,1,NO
652,1,1,0,16,0,3,0,3,0,1,NO
653,1,1,0,21,1,0,4,1,0,1,SI
654,1,1,3,20,1,4,4,0,3,0,SI
655,1,1,0,16,1,3,0,2,0,1,NO
656,1,1,3,19,1,1,0,1,2,1,SI
657,0,0,0,17,0,2,0,3,3,0,NO
658,1,1,1,17,1,4,0,1,2,1,SI
659,0,0,0,15,0,2,0,3,3,1,NO
660,1,1,4,20,0,0,0,3,3,0,SI
661,0,0,0,17,0,2,0,3,3,1,NO
662,0,0,0,15,0,0,0,3,3,1,NO
663,0,0,0,14,0,4,0,3,3,1,NO
664,1,1,3,19,1,1,0,3,0,1,SI
665,1,1,0,21,1,0,0,1,3,0,SI
666,1,1,0,19,1,1,0,0,1,1,SI
667,1,1,2,19,0,0,0,0,3,0,SI
668,0,0,0,17,0,4,0,3,3,1,NO
669,0,0,1,17,0,0,0,3,3,1,NO
670,1,1,0,19,1,0,0,3,2,1,SI
671,1,1,1,19,1,0,0,1,3,0,SI
672,1,1,0,19,0,0,4,3,0,1,SI
673,1,1,2,18,0,0,0,2,3,0,SI
674,1,1,2,19,1,1,4,1,3,0,SI
675,1,1,4,23,1,1,0,1,0,0,SI
676,1,1,3,19,1,0,0,2,3,0,SI
677,1,1,0,17,1,0,0,3,3,0,SI
678,1,1,3,19,1,0,0,0,0,1,SI
679,1,1,1,18,1,0,4,3,0,1,SI
680,0,0,2,16,0,3,0,3,3,0,NO
681,1,1,1,18,1,0,0,3,3,0,SI
682,1,1,0,17,1,3,0,1,0,1,SI
683,1,1,2,20,0,0,0,3,3,1,SI
684,1,0,0,19,0,3,0,0,3,0,SI
685,1,1,2,18,0,0,4,3,0,1,SI
686,1,1,1,17,1,0,0,1,3,0,SI
687,1,1,0,18,0,3,4,0,0,1,SI
688,1,1,3,20,0,0,0,3,0,1,SI
689,1,1,0,17,0,4,0,3,3,1,NO
690,1,1,2,19,1,0,1,3,3,0,SI
691,1,1,4,21,1,4,1,3,3,0,SI
692,1,1,4,30,1,4,4,3,3,0,SI
693,1,1,1,19,1,0,4,3,3,0,SI
694,1,1,2,20,1,2,0,3,0,1,SI
695,1,1,4,19,1,4,0,1,1,1,SI
696,1,1,0,17,1,2,0,1,0,1,NO
697,1,1,1,24,0,0,2,4,3,0,SI
698,1,1,1,19,0,4,0,0,3,0,SI
699,1,1,2,19,1,2,4,0,0,1,SI
700,1,1,0,18,1,4,0,1,2,1,SI
701,1,1,2,18,1,0,0,0,0,1,SI
702,1,0,3,19,0,0,0,2,3,0,SI
703,1,1,1,19,1,1,0,0,0,1,SI
704,1,1,3,20,1,1,0,3,3,0,SI
705,1,1,3,18,1,1,0,0,0,1,SI
706,1,1,4,21,0,1,0,2,3,0,SI
707,1,1,4,20,0,1,4,3,3,0,SI
708,1,1,4,21,0,1,2,3,3,0,SI
709,1,1,4,23,0,1,4,0,3,0,SI
710,1,1,4,20,1,1,0,1,0,1,SI
711,1,1,4,19,0,1,1,3,2,1,SI
712,1,1,4,21,0,1,0,3,3,0,SI
713,1,1,4,21,0,1,0,2,0,1,SI
714,1,1,2,19,0,1,0,4,3,0,SI
715,1,1,2,19,1,0,0,3,0,1,SI
716,1,0,1,18,0,0,0,3,0,0,SI
717,1,1,0,17,1,0,0,1,0,1,NO
718,1,1,1,18,1,0,0,3,3,0,SI
719,1,1,1,18,1,0,0,0,0,1,SI
720,1,1,2,19,0,0,4,3,0,0,SI
721,1,1,2,18,1,0,0,1,1,1,SI
722,1,1,1,20,0,0,2,4,3,0,SI
723,1,1,4,20,1,4,0,1,0,1,SI
724,1,1,3,20,1,1,0,3,3,0,SI
725,1,1,2,19,1,0,0,1,3,0,SI
726,1,1,0,18,1,0,0,0,3,0,SI
727,1,1,1,17,1,0,4,1,0,1,SI
728,1,1,3,20,1,1,0,1,0,1,SI
729,1,1,0,18,0,0,2,1,3,1,SI
730,1,1,2,17,1,3,0,1,2,1,SI
731,1,1,1,20,1,0,4,3,3,0,SI
732,1,1,0,17,1,0,4,3,0,1,SI
733,1,1,0,16,1,3,0,1,1,1,NO
734,1,1,4,21,1,4,0,2,3,0,SI
735,1,1,1,19,0,0,0,3,3,0,SI
736,1,1,1,18,1,0,4,3,1,1,SI
737,1,1,3,20,1,0,0,1,3,0,SI
738,1,1,2,20,0,0,0,0,3,0,SI
739,1,1,2,20,1,0,4,3,3,0,SI
740,1,1,2,20,1,4,0,0,3,0,SI
741,1,1,3,20,1,1,0,0,0,1,SI
742,1,1,2,19,1,0,0,1,0,1,SI
743,1,1,1,18,0,0,0,2,3,0,SI
744,1,1,4,31,1,1,2,0,3,0,SI
745,1,1,2,19,1,1,0,1,0,1,SI
746,1,1,0,17,1,3,0,3,2,1,NO
747,1,1,3,19,0,0,4,3,0,1,SI
748,1,0,3,18,0,0,0,3,0,1,SI
749,1,1,2,19,1,2,1,3,3,0,SI
750,1,1,2,19,0,0,0,1,3,0,SI
751,1,1,1,18,1,0,4,3,3,0,SI
752,1,1,1,21,0,0,1,3,3,0,SI
753,1,1,0,18,0,0,0,0,0,1,SI
754,1,1,2,20,0,0,0,3,3,0,SI
755,1,1,2,18,1,0,4,1,0,1,SI
756,1,1,2,19,0,1,0,3,0,1,SI
757,0,0,0,16,0,3,0,3,3,1,NO
758,1,1,3,19,1,1,4,3,0,1,SI
759,1,1,3,18,0,1,0,0,3,0,SI
760,1,1,4,19,1,1,0,3,3,0,SI
761,1,1,3,19,1,1,1,0,1,0,SI
762,1,1,3,19,1,1,0,1,1,1,SI
763,1,1,0,21,0,1,4,4,3,0,SI
764,1,1,4,21,1,1,0,0,1,1,SI
765,1,1,2,18,1,1,0,0,1,1,SI
766,1,1,4,20,1,1,1,3,0,1,SI
767,1,1,3,19,1,1,0,1,1,1,SI
768,1,1,4,23,0,1,2,4,3,0,SI
769,1,1,4,20,1,1,4,3,1,1,SI
770,1,1,0,16,1,4,0,0,0,1,SI
771,1,1,0,19,1,0,0,3,3,0,SI
772,1,1,0,18,0,0,0,3,3,0,SI
773,1,1,1,24,1,1,4,0,0,1,SI
774,1,1,1,19,1,0,0,0,3,0,SI
775,1,1,4,21,0,0,4,3,3,0,SI
776,1,1,2,18,1,0,0,2,0,1,SI
777,1,1,3,20,0,0,0,3,3,0,SI
778,1,1,4,20,1,1,0,0,3,0,SI
779,1,1,3,18,0,0,4,2,1,1,SI
780,1,1,3,20,0,1,2,2,0,1,SI
781,1,1,0,16,1,2,0,1,2,1,SI
782,1,1,4,22,1,0,4,3,3,1,SI
783,1,1,2,19,1,0,0,4,3,0,SI
784,1,1,3,19,1,1,4,2,0,1,SI
785,1,1,3,20,0,0,3,4,3,0,SI
786,1,1,1,17,0,0,4,0,2,1,SI
787,0,0,0,17,0,0,0,3,3,1,NO
788,1,1,0,17,1,0,0,1,2,1,NO
789,1,1,1,18,0,0,4,1,0,1,SI
790,1,1,3,21,1,0,4,0,3,0,SI
791,1,1,2,19,1,0,4,1,0,1,SI
792,1,1,1,20,0,1,0,3,3,0,SI
793,1,1,4,20,1,4,0,0,0,1,SI
794,1,1,3,19,0,0,0,0,0,1,SI
795,1,1,1,18,1,0,0,1,3,0,SI
796,1,1,4,19,1,1,4,3,0,1,SI
797,1,1,0,16,1,3,4,4,0,1,NO
798,1,1,0,18,1,0,3,1,3,0,SI
799,1,1,0,17,1,4,0,1,0,1,SI
800,1,1,2,19,0,0,3,3,3,0,SI
801,1,1,2,18,1,0,0,1,2,1,SI
802,1,1,3,19,0,1,0,3,0,1,SI
803,1,1,3,19,0,0,0,3,3,0,SI
804,1,1,2,19,1,0,0,1,0,1,SI
805,1,1,2,22,0,0,4,3,0,1,SI
806,1,1,4,21,1,1,1,3,3,0,SI
807,1,1,3,23,1,0,4,3,3,0,SI
808,1,1,2,17,1,1,4,2,3,0,SI
809,1,1,0,18,0,1,0,1,0,1,SI
810,1,1,0,17,1,1,0,0,0,1,SI
811,0,0,0,16,0,2,0,3,3,1,NO
812,1,1,0,16,1,4,0,1,1,1,SI
813,0,0,0,17,0,0,0,3,3,1,NO
814,1,1,1,18,1,1,0,3,3,0,SI
815,1,1,4,21,1,1,0,3,0,1,SI
816,1,1,4,21,1,1,4,3,0,1,SI
817,1,1,2,18,1,1,0,3,0,1,SI
818,1,1,3,19,1,1,0,0,1,1,SI
819,1,1,4,20,0,1,3,0,3,0,SI
820,1,1,3,20,1,1,4,0,3,0,SI
821,1,1,2,17,1,0,0,1,2,1,SI
822,1,1,3,23,0,4,0,3,3,0,SI
823,1,1,4,20,1,1,4,1,3,0,SI
824,1,1,3,19,0,0,4,1,1,1,SI
825,1,1,0,17,0,3,4,3,1,1,SI
826,1,1,2,19,0,1,4,0,0,1,SI
827,1,1,1,20,1,0,4,2,3,0,SI
828,1,1,2,18,1,0,0,3,3,1,SI
829,1,1,2,20,0,0,0,0,3,0,SI
830,1,1,4,22,0,0,0,0,3,0,SI
831,0,0,0,16,0,2,0,3,3,1,NO
832,1,1,4,19,1,4,0,0,3,0,SI
833,1,1,2,19,0,0,0,4,3,0,SI
834,1,1,1,18,0,0,0,3,3,0,SI
835,1,1,0,18,0,0,4,1,0,1,SI
836,1,1,1,19,0,0,0,3,3,0,SI
837,1,1,1,18,1,0,0,1,0,1,SI
838,1,1,2,19,1,0,0,0,3,0,SI
839,1,1,4,19,1,0,0,3,3,0,SI
840,1,1,0,17,1,2,4,3,1,1,SI
841,1,1,3,19,1,0,3,1,2,1,SI
842,1,1,2,18,1,0,0,1,0,1,SI
843,1,1,2,17,0,0,0,0,3,0,SI
844,1,1,3,21,1,0,0,0,3,0,SI
845,1,1,1,18,1,1,4,1,1,1,SI
846,1,1,3,22,1,1,0,1,0,1,SI
847,1,1,3,19,1,1,0,0,0,1,SI
848,1,1,4,18,1,1,4,1,2,1,SI
849,0,1,1,17,0,1,4,3,3,1,SI
850,1,1,3,20,0,1,0,2,3,0,SI
851,1,1,2,21,0,1,0,3,2,1,SI
852,1,0,1,18,0,1,4,3,0,1,SI
853,1,1,4,21,1,1,0,1,0,1,SI
854,1,1,4,21,1,1,0,0,3,0,SI
855,1,1,2,18,1,1,4,2,0,1,SI
856,1,1,0,16,0,3,1,0,1,1,NO
857,1,1,0,17,1,2,0,3,0,1,SI
858,1,1,4,21,1,0,1,3,0,0,SI
859,1,1,1,19,1,0,1,3,0,1,SI
860,1,1,4,21,0,1,0,3,3,0,SI
861,1,1,4,28,0,0,4,4,3,0,SI
862,1,1,3,18,0,0,0,0,3,0,SI
863,1,1,1,19,1,0,4,0,0,1,SI
864,1,1,3,20,1,1,0,1,3,0,SI
865,1,1,0,18,0,0,0,1,0,1,SI
866,1,1,3,23,1,0,1,3,3,0,SI
867,0,0,1,16,0,4,0,3,3,0,NO
868,1,1,0,19,1,0,4,1,2,1,SI
869,1,1,2,19,1,0,0,2,3,0,SI
870,1,1,1,20,1,0,4,3,3,0,SI
871,1,1,3,19,0,0,4,3,0,1,SI
872,1,1,2,20,1,0,0,0,3,0,SI
873,1,1,1,18,1,1,0,0,1,1,SI
874,1,1,3,19,1,0,0,0,0,1,SI
875,1,1,1,19,1,0,0,0,0,1,SI
876,1,1,2,18,1,0,0,3,0,1,SI
877,1,1,3,19,0,0,0,2,3,0,SI
878,1,1,1,17,1,1,0,1,3,0,SI
879,0,0,0,17,0,2,0,3,3,1,NO
880,1,1,0,24,1,4,4,2,1,1,SI
881,1,1,1,18,1,0,0,1,3,0,SI
882,1,1,4,22,0,1,4,3,3,0,SI
883,1,1,2,20,1,0,0,3,3,0,SI
884,1,1,1,21,0,0,1,2,3,0,SI
885,1,1,3,19,1,1,0,2,0,1,SI
886,1,1,2,19,1,0,0,2,0,1,SI
887,1,1,0,17,1,4,3,1,3,1,NO
888,1,1,3,25,1,1,4,1,3,0,SI
889,1,1,1,25,1,0,0,1,0,1,SI
890,1,1,1,18,1,0,4,3,1,1,SI
891,1,1,3,20,1,0,0,0,0,1,SI
892,1,1,4,25,1,1,0,3,0,1,SI
893,1,1,3,20,1,0,4,0,1,1,SI
894,1,1,4,21,1,0,0,0,3,0,SI
895,1,1,2,19,0,0,4,2,3,0,SI
896,1,1,4,19,1,0,0,1,1,1,SI
897,1,1,0,17,0,3,0,0,0,1,NO
898,1,1,3,23,1,1,2,0,0,1,SI
899,1,1,2,20,1,0,4,3,3,0,SI
900,1,1,1,18,1,0,0,0,0,1,SI
901,1,1,4,23,1,0,0,2,3,0,SI
902,1,0,1,19,0,0,0,2,3,0,SI
903,1,1,4,25,1,0,0,3,3,1,SI
904,1,1,4,26,1,4,0,1,0,1,SI
905,1,1,2,20,0,1,0,0,3,0,SI
906,1,1,4,22,0,1,0,1,3,0,SI
907,1,1,2,17,1,1,0,1,2,1,SI
908,1,1,0,18,1,0,0,3,3,0,SI
909,1,1,2,19,1,0,4,1,3,0,SI
910,1,1,3,20,0,1,0,0,3,0,SI
911,1,1,3,20,0,1,0,3,3,0,SI
912,1,1,1,19,0,0,0,0,3,0,SI
913,1,1,0,17,0,3,0,1,1,1,SI
914,1,1,4,22,1,1,0,1,0,1,SI
915,1,1,1,19,1,0,4,1,3,0,SI
916,0,0,0,16,0,0,0,3,3,1,NO
917,1,1,1,17,1,1,0,1,2,1,SI
918,1,1,2,21,0,0,0,3,3,0,SI
919,0,0,0,17,0,3,0,3,3,1,NO
920,1,1,4,19,1,1,4,3,3,0,SI
921,0,1,4,21,0,1,3,4,3,0,SI
922,1,0,0,18,0,0,0,0,0,1,SI
923,0,0,0,15,0,0,0,3,3,1,NO
924,1,1,3,21,0,0,4,3,0,1,SI
925,1,1,3,18,1,0,0,1,0,1,SI
926,1,1,2,18,0,1,0,2,0,1,SI
927,1,1,1,17,1,0,0,1,3,0,SI
928,1,1,1,20,0,0,0,0,3,0,SI
929,1,1,2,20,0,4,4,3,3,0,SI
930,1,1,4,19,0,0,0,0,0,1,SI
931,1,1,0,17,0,0,0,3,0,1,SI
932,1,1,1,18,0,0,0,1,3,0,SI
933,1,1,0,18,1,1,4,0,0,1,SI
934,1,1,4,19,1,1,0,3,0,1,SI
935,1,1,0,17,1,4,0,0,1,1,SI
936,1,1,0,18,1,1,0,0,3,0,SI
937,1,1,4,19,0,0,4,3,0,1,SI
938,1,1,4,27,0,1,0,0,3,1,SI
939,1,1,4,22,1,0,0,1,3,0,SI
940,1,1,0,18,0,0,0,2,3,0,SI
941,1,1,1,18,1,0,2,0,0,1,SI
942,1,0,3,19,0,0,0,3,3,0,SI
943,1,1,2,19,0,0,4,3,3,0,SI
944,1,0,3,19,0,0,0,1,0,1,SI
945,1,1,3,19,0,1,4,3,0,1,SI
946,1,1,3,20,0,0,2,2,3,0,SI
947,1,1,0,17,1,4,0,1,2,1,SI
948,1,1,1,19,1,0,0,3,3,0,SI
949,1,1,1,18,0,0,4,4,3,0,SI
950,1,1,2,19,1,0,1,0,3,0,SI
951,1,1,2,20,0,0,0,3,3,1,SI
952,1,1,2,19,0,0,0,0,3,0,SI
953,1,1,2,19,1,0,0,2,3,0,SI
954,1,1,4,21,0,1,1,2,0,1,SI
955,1,1,3,21,1,1,0,3,0,1,SI
956,1,1,2,20,1,1,0,1,3,0,SI
957,1,1,2,18,0,1,0,4,3,0,SI
958,1,0,2,19,0,1,0,2,3,0,SI
959,1,1,4,21,0,1,0,3,3,0,SI
960,1,1,3,21,0,1,0,0,3,0,SI
961,1,1,3,19,1,1,4,3,0,1,SI
962,1,1,2,18,1,1,4,3,0,1,SI
963,1,1,2,18,1,1,0,3,1,1,SI
964,1,1,4,21,1,1,0,1,3,0,SI
965,1,1,2,20,1,1,0,1,0,1,SI
966,1,1,1,18,1,0,0,3,1,1,SI
967,1,1,0,16,0,4,0,0,0,1,SI
968,1,1,0,17,1,0,4,3,3,1,SI
969,1,1,2,18,1,1,2,1,0,1,SI
970,1,1,4,19,1,1,0,1,3,0,SI
971,1,1,4,21,1,1,0,0,3,0,SI
972,1,1,4,19,0,1,0,3,3,0,SI
973,1,1,1,18,1,0,1,0,1,1,SI
974,1,1,0,16,1,3,0,1,2,1,SI
975,1,1,2,20,1,0,0,1,1,1,SI
976,1,1,2,18,0,0,0,3,3,0,SI
977,1,1,2,18,0,0,1,0,0,1,SI
978,0,0,0,17,0,2,0,3,3,1,NO
979,1,1,2,20,0,1,4,3,0,1,SI
980,1,1,2,18,1,1,0,0,3,0,SI
981,1,1,2,19,1,4,0,1,0,1,SI
982,0,0,0,17,0,2,0,3,3,1,NO
983,1,1,1,19,1,0,1,3,0,1,SI
984,1,1,1,18,0,0,4,3,3,0,SI
985,1,1,2,18,0,1,4,0,1,1,SI
986,0,0,1,21,0,1,0,3,3,0,NO
987,1,1,0,18,1,0,0,1,0,1,SI
988,1,1,2,18,0,0,0,3,3,0,SI
989,1,1,3,19,1,1,0,3,3,0,SI
990,1,1,1,18,1,0,0,1,3,0,SI
991,1,1,1,18,0,0,0,0,3,0,SI
992,1,1,3,19,1,0,0,1,2,1,SI
993,1,1,1,18,1,1,1,1,2,1,SI
994,1,1,1,19,1,4,0,1,0,1,SI
995,1,1,2,17,1,4,0,0,0,1,NO
996,1,1,1,21,1,4,1,0,0,1,SI
997,1,1,0,17,1,0,4,0,0,1,SI
998,1,1,3,20,0,0,0,3,0,1,SI
999,1,1,4,21,1,1,0,3,3,1,SI
1000,1,1,3,20,0,0,0,3,3,0,SI
1001,1,1,4,20,0,0,3,2,3,0,SI
1002,1,1,1,19,1,0,0,0,1,1,SI
1003,1,1,4,19,0,1,0,0,0,1,SI
1004,1,1,1,19,1,1,0,1,0,1,SI
1005,1,1,4,20,0,1,0,3,0,1,SI
1006,1,1,1,17,1,1,0,3,0,1,SI
1007,1,1,4,21,1,1,0,0,3,0,SI
1008,1,1,3,19,1,1,0,0,0,1,SI
1009,1,1,2,18,1,1,0,0,0,1,SI
1010,1,1,1,18,1,1,4,2,3,0,SI
1011,1,1,4,22,1,1,0,1,3,0,SI
1012,1,1,0,17,1,0,0,1,0,1,SI
1013,1,0,1,18,0,0,4,2,0,1,SI
1014,0,0,0,18,0,2,0,3,3,1,NO
1015,1,1,2,18,0,0,0,3,3,0,SI
1016,1,1,0,18,1,0,0,1,0,1,SI
1017,1,1,4,19,0,1,0,2,3,0,SI
1018,1,1,3,22,0,4,0,3,3,0,SI
1019,1,1,2,18,0,1,0,1,3,0,SI
1020,1,1,2,22,0,4,4,3,0,1,SI
1021,1,1,0,17,0,3,0,0,0,1,SI
1022,1,1,1,23,1,0,0,0,0,1,SI
1023,1,1,1,18,1,0,4,0,0,1,SI
1024,1,1,2,19,0,0,0,4,3,0,SI
1025,1,1,3,20,0,4,0,3,3,0,SI
1026,1,1,0,17,0,0,0,2,0,1,SI
1027,1,1,2,24,1,0,0,0,3,0,SI
1028,1,1,1,17,0,0,3,1,3,0,SI
1029,1,1,2,18,1,1,0,0,0,1,SI
1030,1,1,3,20,0,4,4,3,3,0,SI
1031,1,1,2,17,1,0,0,0,3,0,SI
1032,1,1,2,21,0,0,4,2,3,0,SI
1033,1,1,2,17,1,0,4,3,0,1,SI
1034,1,1,4,20,1,0,1,1,0,1,SI
1035,1,1,4,18,1,2,0,1,1,1,SI
1036,0,0,1,15,0,0,0,3,3,1,NO
1037,1,1,0,22,0,4,3,2,3,0,SI
1038,1,1,2,20,1,1,1,2,0,1,SI
1039,1,1,2,19,1,0,1,0,0,1,SI
1040,1,1,3,20,1,0,4,0,0,1,SI
1041,1,1,4,19,1,1,0,1,3,0,SI
1042,1,1,1,18,1,0,0,1,0,1,SI
1043,0,0,0,17,0,2,0,3,3,1,NO
1044,1,1,4,31,1,4,0,4,3,0,SI
1045,1,1,4,20,0,4,4,2,3,0,SI
1046,1,1,0,17,1,4,0,1,2,1,SI
1047,1,1,1,18,1,1,0,1,0,1,SI
1048,1,1,3,17,1,1,0,1,2,1,SI
1049,1,1,1,17,1,1,0,1,2,1,SI
1050,1,0,4,20,0,1,0,0,3,0,SI
1051,1,1,4,20,1,1,0,0,0,1,SI
1052,1,1,3,21,1,1,0,0,3,0,SI
1053,1,1,4,21,1,1,0,3,0,1,SI
1054,1,1,3,20,1,1,0,0,0,1,SI
1055,1,1,1,17,1,1,4,3,0,1,SI
1056,1,1,4,19,1,1,1,1,3,0,SI
1057,1,1,4,19,1,1,2,0,0,1,SI
1058,1,1,2,17,1,1,0,0,2,1,SI
1059,1,1,4,20,1,1,4,1,1,1,SI
1060,1,0,1,17,0,0,0,3,3,0,SI
1061,1,1,0,18,0,0,1,1,3,1,SI
1062,1,1,3,18,0,1,2,0,1,0,SI
1063,1,1,1,18,1,0,0,3,3,1,SI
1064,1,1,0,18,1,0,0,3,1,1,SI
1065,1,1,4,19,1,0,0,0,3,0,SI
1066,1,1,3,19,1,0,0,2,3,0,SI
1067,1,1,0,16,1,4,3,1,2,1,SI
1068,0,0,0,17,0,3,0,3,3,1,NO
1069,1,1,3,20,0,4,0,3,3,0,SI
1070,1,1,4,21,0,1,1,2,3,0,SI
1071,0,0,0,15,0,0,0,3,3,0,NO
1072,1,1,2,17,1,1,0,0,3,0,SI
1073,1,1,0,18,1,0,0,0,3,0,SI
1074,1,1,2,19,1,0,0,3,3,0,SI
1075,1,1,0,16,0,4,0,2,1,1,SI
1076,1,1,3,19,0,1,2,3,3,0,SI
1077,1,1,3,20,0,0,3,3,1,1,SI
1078,1,1,2,18,1,0,4,3,3,0,SI
1079,1,1,2,19,1,0,0,0,0,1,SI
1080,1,1,0,17,1,0,0,1,1,1,SI
1081,1,1,4,22,0,0,0,2,3,0,SI
1082,1,1,3,21,1,1,0,3,3,0,SI
1083,1,1,1,22,1,4,1,3,0,1,SI
1084,1,1,0,20,0,0,1,2,3,0,SI
1085,1,1,3,20,1,0,0,1,3,0,SI
1086,1,1,2,17,1,1,0,3,1,1,SI
1087,1,1,2,20,0,0,4,2,3,0,SI
1088,1,1,3,20,1,0,0,0,0,1,SI
1089,1,1,0,18,1,0,1,2,3,0,SI
1090,1,1,0,18,0,3,4,4,3,0,SI
1091,1,1,4,21,1,4,0,0,3,0,SI
1092,1,1,1,19,1,1,0,0,0,1,SI
1093,1,1,3,21,0,1,1,3,0,1,SI
1094,1,1,4,22,1,1,0,0,3,0,SI
1095,1,1,4,24,1,1,0,1,2,1,SI
1096,1,1,4,19,1,1,4,0,0,1,SI
1097,1,1,4,20,1,1,0,1,0,1,SI
1098,1,1,4,22,0,1,0,2,3,0,SI
1099,1,1,4,25,1,1,4,1,3,0,SI
1100,1,1,3,19,1,0,0,3,0,1,SI
1101,1,1,3,18,0,0,0,3,3,0,SI
1102,1,1,3,21,1,1,0,0,0,1,SI
1103,1,1,4,19,0,0,3,2,3,0,SI
1104,1,1,3,20,0,0,0,0,3,0,SI
1105,1,1,1,18,1,0,0,0,3,1,SI
1106,1,1,3,18,1,0,4,2,0,1,SI
1107,1,1,2,20,1,0,0,0,2,1,SI
1108,1,1,4,25,0,0,0,3,3,0,SI
1109,1,1,1,18,1,0,0,3,3,0,SI
1110,1,1,2,18,0,0,3,3,3,0,SI
1111,1,1,2,17,1,4,0,1,2,1,SI
1112,1,1,2,18,1,0,0,0,1,1,SI
1113,1,1,2,19,1,1,0,1,1,1,SI
1114,1,1,3,21,1,1,0,3,3,0,SI
1115,1,1,1,19,0,0,0,3,3,1,SI
1116,1,1,2,18,0,4,2,3,3,0,SI
1117,1,1,4,22,0,0,1,3,3,0,SI
1118,1,1,3,19,1,0,0,3,3,0,SI
1119,1,1,0,18,1,1,0,2,0,1,SI
1120,1,1,4,25,0,1,4,3,0,1,SI
1121,1,1,3,23,1,4,0,1,0,1,SI
1122,1,1,1,19,0,0,3,2,3,0,SI
1123,1,0,0,17,0,1,0,0,0,1,SI
1124,0,0,0,16,0,3,0,3,3,1,NO
1125,1,1,4,22,1,4,0,1,0,1,SI
1126,1,1,1,18,1,0,0,1,0,1,SI
1127,1,1,3,18,1,1,0,1,2,1,SI
1128,1,1,3,19,0,1,0,3,3,0,SI
1129,1,1,3,20,1,1,3,3,3,0,SI
1130,1,1,2,19,1,1,0,3,0,1,SI
1131,1,1,4,20,1,1,0,1,0,1,SI
1132,1,1,2,19,0,1,4,3,3,0,SI
1133,1,1,4,21,0,1,1,2,3,0,SI
1134,1,1,2,18,1,0,4,3,0,1,SI
1135,1,1,0,16,0,4,0,1,0,1,SI
1136,1,1,0,17,1,2,0,3,0,1,NO
1137,0,0,0,15,0,4,0,3,3,1,NO
1138,1,1,1,17,0,0,0,0,3,0,SI
1139,1,1,3,19,1,1,0,0,3,0,SI
1140,1,1,2,18,0,0,4,3,0,1,SI
1141,1,1,0,17,1,3,0,3,2,1,SI
1142,1,1,2,19,1,1,4,0,3,0,SI
1143,1,1,1,19,0,0,0,3,3,0,SI
1144,1,1,0,16,0,0,0,1,1,1,SI
1145,1,1,2,19,0,0,4,3,3,0,SI
1146,0,0,2,17,0,4,0,3,3,1,NO
1147,1,1,1,18,0,1,0,2,3,0,SI
1148,1,1,1,19,0,0,4,3,3,0,SI
1149,1,1,2,19,0,0,0,2,3,0,SI
1150,1,1,1,20,0,0,0,3,3,0,SI
1151,0,0,1,17,0,4,0,3,3,1,NO
1152,1,1,0,17,1,0,4,1,2,1,SI
1153,1,1,1,20,1,0,0,3,0,1,SI
1154,1,1,2,19,1,0,4,1,3,0,SI
1155,1,1,3,19,0,4,0,0,3,0,SI
1156,1,1,3,20,1,0,0,1,2,1,SI
1157,1,1,0,17,1,2,0,0,2,1,NO
1158,1,1,4,22,1,0,1,3,3,0,SI
1159,1,1,1,18,1,0,4,0,2,1,SI
1160,1,1,2,17,1,0,4,1,0,1,SI
1161,1,1,4,22,1,0,0,1,0,1,SI
1162,1,1,4,19,1,0,0,2,0,1,SI
1163,1,1,0,18,1,0,0,1,1,1,SI
1164,1,1,3,19,1,0,0,2,3,0,SI
1165,1,1,0,17,1,0,0,3,0,1,NO
1166,1,1,4,19,1,0,0,1,0,1,SI
1167,1,1,0,16,0,3,0,3,2,1,NO
1168,1,1,1,19,1,0,0,3,3,0,SI
1169,1,1,1,23,0,0,4,3,3,1,SI
1170,0,0,3,19,0,1,0,3,3,1,NO
1171,1,1,4,20,1,4,0,1,1,1,SI
1172,1,1,4,20,1,1,0,0,1,1,SI
1173,1,1,3,21,1,1,0,0,3,1,SI
1174,1,1,4,19,1,0,0,3,1,1,SI
1175,1,1,0,17,1,0,0,3,3,0,SI
1176,1,1,3,20,1,1,0,1,2,1,SI
1177,1,1,1,19,1,1,0,1,0,1,SI
1178,1,1,3,20,0,1,2,3,3,0,SI
1179,1,1,1,18,1,1,0,0,3,0,SI
1180,1,1,1,18,1,1,0,1,3,0,SI
1181,1,1,2,20,0,1,3,3,3,1,SI
1182,1,1,4,19,0,1,3,1,0,1,SI
1183,1,1,2,23,1,1,1,0,0,1,SI
1184,1,1,3,20,1,1,0,3,3,0,SI
1185,1,1,3,26,0,1,0,3,3,0,SI
1186,1,1,3,19,0,1,4,3,0,1,SI
1187,1,1,4,21,0,1,0,3,3,0,SI
1188,1,1,1,17,1,1,0,1,0,1,SI
1189,1,1,1,17,1,0,0,0,2,1,SI
1190,1,1,1,17,1,4,0,1,0,1,SI
1191,1,1,0,19,0,0,0,3,0,1,SI
1192,0,0,0,17,0,0,0,3,3,1,NO
1193,1,1,1,19,0,0,4,2,0,1,SI
1194,1,1,2,20,0,1,0,3,3,0,SI
1195,1,1,1,18,1,0,0,3,3,0,SI
1196,1,1,3,18,0,4,1,1,2,1,SI
1197,1,1,1,17,1,0,0,1,3,1,SI
1198,1,1,2,21,0,0,0,3,0,1,SI
1199,1,1,1,18,0,2,0,0,3,1,SI
1200,1,1,0,18,1,0,1,3,1,1,SI
1201,1,1,3,19,1,0,0,0,3,0,SI
1202,1,1,3,18,1,0,0,1,0,1,SI
1203,1,1,3,20,1,0,0,0,0,1,SI
1204,1,1,4,20,0,1,4,3,3,1,SI
1205,1,1,4,21,0,1,0,0,3,1,SI
1206,1,1,4,20,1,1,4,1,1,1,SI
1207,1,1,2,21,0,4,4,0,3,1,SI
1208,1,1,2,21,0,0,3,4,3,0,SI
1209,1,1,2,19,0,0,0,2,0,1,SI
1210,1,1,0,19,1,0,0,3,1,1,SI
1211,1,1,3,20,1,0,3,1,3,0,SI
1212,1,1,3,20,0,0,3,3,3,0,SI
1213,1,1,0,17,1,3,4,3,1,1,SI
1214,1,1,0,17,1,4,0,1,2,1,NO
1215,1,1,1,19,0,4,1,3,3,0,SI
1216,1,1,3,20,0,0,0,3,3,0,SI
1217,1,1,0,19,0,0,4,2,3,1,SI
1218,1,1,1,18,1,0,4,0,1,1,SI
1219,1,1,3,19,1,0,0,1,1,1,SI
1220,1,1,2,19,0,0,0,1,3,0,SI
1221,1,1,3,22,1,0,0,3,0,1,SI
1222,1,1,0,19,1,0,0,1,1,1,SI
1223,1,1,4,19,1,1,0,3,0,1,SI
1224,1,1,1,21,0,1,4,1,0,1,SI
1225,1,1,4,20,1,1,0,3,1,1,SI
1226,1,1,3,20,1,1,3,1,0,1,SI
1227,0,1,2,18,0,1,0,2,3,0,SI
1228,1,1,3,19,0,1,4,1,0,1,SI
1229,1,1,3,19,0,1,4,0,1,1,SI
1230,1,1,1,19,1,1,4,3,3,0,SI
1231,0,1,4,25,0,1,4,3,3,0,SI
1232,1,1,2,19,1,1,4,2,1,1,SI
1233,1,1,4,25,1,1,0,3,3,0,SI
1234,1,1,4,20,0,1,1,0,1,1,SI
1235,1,1,0,17,1,1,0,3,3,0,SI
1236,1,1,0,18,1,0,1,0,0,1,SI
1237,1,1,2,19,1,4,0,3,0,0,SI
1238,1,1,4,19,1,0,0,0,0,1,SI
1239,1,1,4,19,1,1,0,3,0,1,SI
1240,1,1,4,18,1,0,0,3,1,1,SI
1241,1,1,1,18,1,0,4,2,3,0,SI
1242,1,1,1,17,0,1,4,3,3,0,SI
1243,1,1,1,18,1,1,0,1,0,1,SI
1244,1,1,2,19,1,0,0,3,3,0,SI
1245,1,1,4,27,1,0,0,3,0,1,SI
1246,1,1,2,18,1,0,0,1,1,1,SI
1247,1,1,3,19,1,0,4,3,1,1,SI
1248,1,1,1,18,1,1,0,1,2,1,SI
1249,1,1,2,18,1,0,0,1,2,1,SI
1250,1,1,3,19,1,0,0,0,3,0,SI
1251,1,1,1,18,1,2,0,0,3,1,SI
1252,1,1,2,19,1,0,0,1,3,0,SI
1253,1,1,0,16,1,2,0,1,0,1,NO
1254,1,1,1,19,0,1,0,3,3,0,SI
1255,1,1,4,21,1,1,1,3,0,1,SI
1256,1,1,2,23,0,0,0,3,3,0,SI
1257,1,1,1,19,0,0,0,3,0,1,SI
1258,1,1,2,18,1,0,0,3,3,0,SI
1259,1,1,2,18,1,3,0,0,3,0,SI
1260,1,1,0,16,1,2,0,3,1,1,SI
1261,1,1,3,19,0,0,4,3,0,0,SI
1262,1,1,3,19,0,0,4,3,3,0,SI
1263,1,1,3,19,1,0,4,3,3,0,SI
1264,1,1,4,22,0,0,0,0,3,0,SI
1265,1,1,0,19,1,0,0,3,3,0,SI
1266,1,1,2,19,0,0,0,0,0,0,SI
1267,1,1,2,22,1,2,0,1,0,1,SI
1268,1,0,1,18,0,0,3,3,0,1,SI
1269,1,1,0,16,1,3,0,1,0,1,SI
1270,1,1,1,19,1,0,0,0,3,0,SI
1271,1,1,4,20,0,4,0,3,3,0,SI
1272,1,1,2,19,1,0,0,1,1,1,SI
1273,1,1,4,21,0,0,0,3,3,0,SI
1274,1,1,1,17,1,4,4,1,0,1,SI
1275,1,1,2,18,0,0,0,2,3,0,SI
1276,1,1,2,18,1,1,0,3,0,1,SI
1277,1,1,2,23,1,0,0,3,0,1,SI
1278,1,1,3,21,1,1,1,0,0,1,SI
1279,1,1,1,21,1,0,4,1,1,1,SI
1280,1,1,0,16,1,2,0,0,0,1,SI
1281,1,1,4,20,1,0,4,1,1,1,SI
1282,1,1,4,18,1,1,0,1,0,1,SI
1283,1,1,1,18,1,1,0,1,2,1,SI
1284,1,1,2,19,1,1,0,0,3,0,SI
1285,1,1,2,17,1,1,0,3,0,1,SI
1286,1,1,4,22,1,1,0,3,3,0,SI
1287,1,1,3,18,1,1,2,1,0,1,SI
1288,1,1,4,19,1,1,1,1,0,1,SI
1289,1,1,3,32,0,1,1,0,3,0,SI
1290,1,1,4,19,0,1,0,3,0,1,SI
1291,1,1,2,19,1,1,4,0,3,0,SI
1292,1,1,0,18,1,1,4,3,3,0,SI
1293,1,1,2,18,1,0,0,1,3,0,SI
1294,1,1,3,20,1,0,4,2,3,0,SI
1295,1,1,0,16,1,3,0,1,0,1,NO
1296,1,1,2,19,0,1,0,0,0,1,SI
1297,1,1,0,17,0,0,4,1,0,1,SI
1298,1,1,4,19,1,1,0,1,2,1,SI
1299,1,1,1,17,1,1,4,3,3,0,SI
1300,1,1,1,17,0,0,4,3,0,1,SI
1301,1,1,1,18,1,0,0,3,3,0,SI
1302,1,1,0,18,1,0,0,3,0,1,SI
1303,1,1,2,20,1,0,0,0,3,0,SI
1304,1,1,0,17,1,0,0,1,0,1,SI
1305,1,1,2,19,1,0,0,1,0,1,SI
1306,0,0,0,17,0,4,0,3,3,1,NO
1307,1,1,1,17,1,1,4,2,0,1,SI
1308,1,1,2,18,1,3,4,2,2,1,SI
1309,1,1,3,18,1,0,4,1,0,1,SI
1310,1,1,4,20,1,0,4,3,0,1,SI
1311,1,1,3,18,1,0,0,2,3,0,SI
1312,1,1,4,25,0,4,4,0,0,1,SI
1313,1,1,0,17,1,0,0,3,3,1,SI
1314,1,1,1,17,0,4,0,3,0,1,SI
1315,1,1,3,20,0,0,2,4,3,0,SI
1316,1,1,2,19,1,1,4,3,0,1,SI
1317,1,1,3,20,1,0,0,3,3,0,SI
1318,0,0,0,17,0,4,0,3,3,1,NO
1319,1,1,0,18,1,0,4,1,3,0,SI
1320,1,1,2,19,1,0,0,0,0,1,SI
1321,1,1,2,19,1,1,0,1,0,1,SI
1322,1,1,2,18,0,0,4,3,0,1,SI
1323,1,1,1,19,1,0,4,0,3,0,SI
1324,1,1,1,18,1,1,0,1,1,1,SI
1325,1,1,4,22,1,0,4,3,3,0,SI
1326,1,1,2,18,1,0,0,3,3,0,SI
1327,1,1,4,22,1,0,0,0,0,0,SI
1328,1,1,1,18,1,0,4,3,0,1,SI
1329,1,1,2,18,1,0,0,3,3,0,SI
1330,1,1,1,17,1,0,0,3,0,1,SI
1331,1,1,1,17,1,1,0,3,3,0,SI
1332,1,1,2,18,1,1,0,2,0,1,SI
1333,1,1,2,19,1,1,0,3,1,1,SI
1334,1,1,4,21,1,1,4,1,0,1,SI
1335,1,1,3,20,1,1,4,2,0,1,SI
1336,1,1,1,18,1,1,0,1,1,1,SI
1337,1,1,4,20,0,1,0,3,3,0,SI
1338,1,1,2,20,1,1,4,1,1,1,SI
1339,1,1,3,19,0,1,0,3,0,1,SI
1340,1,1,4,22,1,1,0,1,0,1,SI
1341,1,1,3,19,0,1,0,3,3,1,SI
1342,1,1,1,19,1,0,0,1,3,0,SI
1343,1,1,1,19,0,0,0,0,3,0,SI
1344,1,1,1,21,0,4,4,3,3,1,SI
1345,1,1,4,22,1,0,0,3,0,1,SI
1346,1,1,1,16,0,0,4,2,0,1,SI
1347,1,1,2,18,1,0,0,1,0,1,SI
1348,1,1,2,19,0,0,4,3,3,0,SI
1349,1,1,1,18,1,0,0,1,1,1,SI
1350,1,1,0,16,1,3,0,3,2,1,SI
1351,1,1,1,19,1,0,0,0,0,0,SI
1352,1,1,3,20,0,1,0,2,0,1,SI
1353,1,0,1,17,0,0,0,2,3,0,SI
1354,1,1,3,20,0,0,0,1,3,0,SI
1355,1,1,0,17,0,0,0,0,0,1,SI
1356,1,1,4,19,0,1,0,3,3,0,SI
1357,1,1,2,19,1,0,0,1,0,1,SI
1358,1,1,4,19,1,0,0,1,0,1,SI
1359,1,1,2,19,1,0,0,0,0,1,SI
1360,1,1,1,19,1,1,0,3,3,0,SI
1361,1,1,2,18,1,0,0,0,0,1,SI
1362,1,1,3,21,1,1,4,1,3,0,SI
1363,1,1,1,18,1,1,0,1,2,1,SI
1364,1,1,0,19,1,0,0,0,3,0,SI
1365,1,1,2,19,0,0,4,3,3,0,SI
1366,1,1,2,18,1,0,4,3,0,1,SI
1367,1,1,0,16,1,0,0,1,0,1,NO
1368,1,1,4,20,1,1,1,1,0,1,SI
1369,1,1,1,19,1,0,0,3,3,0,SI
1370,1,1,2,19,1,0,2,0,1,1,SI
1371,1,1,2,20,1,0,4,2,3,0,SI
1372,1,1,2,19,1,0,0,0,0,1,SI
1373,1,1,4,25,1,4,4,1,0,1,SI
1374,1,1,3,21,1,0,0,0,0,1,SI
1375,1,1,0,18,0,0,4,1,0,0,SI
1376,1,1,1,18,1,1,0,3,3,0,SI
1377,1,0,3,20,0,0,0,3,0,1,SI
1378,1,1,3,20,1,0,0,2,3,0,SI
1379,1,1,4,20,0,0,0,4,3,0,SI
1380,1,1,2,19,1,0,0,3,0,1,SI
1381,1,1,1,19,1,0,4,0,0,1,SI
1382,1,1,4,22,1,0,4,3,3,0,SI
1383,1,1,0,18,0,4,4,4,1,1,SI
1384,1,1,0,17,1,0,0,3,0,1,SI
1385,1,1,2,19,0,0,0,2,3,0,SI
1386,1,1,2,17,0,4,0,1,2,1,SI
1387,1,1,0,17,1,2,4,0,0,1,SI
1388,1,1,1,18,1,0,0,1,3,0,SI
1389,1,1,0,20,0,0,3,3,3,0,SI
1390,1,1,3,18,1,1,4,1,0,1,SI
1391,1,1,4,20,1,1,0,1,1,1,SI
1392,1,1,4,19,0,1,0,3,0,1,SI
1393,1,1,1,18,1,1,0,1,3,0,SI
1394,1,1,2,18,1,1,0,3,0,1,SI
1395,1,1,2,17,0,1,0,3,3,0,SI
1396,1,1,4,20,1,1,0,1,0,1,SI
1397,1,1,4,19,1,1,0,1,1,1,SI
1398,1,1,3,21,1,1,0,3,3,0,SI
1399,1,1,3,19,0,1,4,3,3,0,SI
1400,1,1,0,16,1,0,4,4,1,1,SI
1401,1,1,1,19,1,0,1,3,3,0,SI
1402,1,0,2,18,0,0,0,3,0,1,SI
1403,1,1,4,20,0,0,0,3,0,1,SI
1404,1,1,4,18,1,1,0,1,2,1,SI
1405,1,1,2,18,1,0,0,0,3,0,SI
1406,1,1,1,17,0,0,0,0,0,1,SI
1407,1,1,3,19,0,0,0,3,0,0,SI
1408,1,1,2,19,0,0,4,3,0,1,SI
1409,1,1,3,19,1,4,0,3,0,1,SI
1410,1,1,3,18,1,0,1,0,1,1,SI
1411,1,1,0,17,0,0,0,0,0,1,SI
1412,1,1,3,19,1,0,4,1,1,1,SI
1413,1,1,0,18,1,0,0,1,3,0,SI
1414,1,1,1,29,1,0,0,3,3,0,SI
1415,1,1,4,24,1,0,0,2,3,0,SI
1416,1,1,4,24,0,0,4,2,3,0,SI
1417,1,1,2,19,0,0,4,2,3,0,SI
1418,1,1,3,18,1,1,4,1,0,1,SI
1419,1,1,0,16,0,4,0,0,0,1,SI
1420,1,1,0,17,0,0,0,3,3,0,SI
1421,1,1,3,20,1,0,0,3,3,0,SI
1422,1,1,2,18,1,0,0,0,0,1,SI
1423,1,1,3,21,1,0,0,1,3,0,SI
1424,1,1,1,17,1,0,4,3,0,1,SI
1425,1,1,1,18,1,0,0,0,3,0,SI
1426,1,1,3,20,1,1,0,1,0,1,SI
1427,1,1,4,20,1,0,0,0,0,1,SI
1428,1,1,2,20,0,0,0,3,0,1,SI
1429,1,1,2,20,0,2,0,3,3,0,SI
1430,1,1,4,21,0,1,0,3,3,0,SI
1431,1,1,2,18,1,0,0,1,1,1,SI
1432,1,1,0,17,1,2,0,0,0,1,NO
1433,1,1,1,18,1,1,0,3,0,1,SI
1434,1,1,2,19,1,0,0,3,3,1,SI
1435,1,1,0,17,1,0,4,2,1,1,SI
1436,1,0,2,18,0,2,4,0,1,1,SI
1437,1,1,0,18,1,0,0,0,3,0,SI
1438,1,1,4,26,1,4,0,3,3,0,SI
1439,1,1,2,18,0,0,4,4,3,0,SI
1440,1,1,2,17,1,1,0,1,0,1,SI
1441,1,1,1,18,1,1,0,1,0,1,SI
1442,1,1,2,17,1,1,0,1,2,1,SI
1443,1,1,2,18,1,1,0,1,3,0,SI
1444,1,1,4,19,1,1,0,0,0,1,SI
1445,1,1,2,18,0,1,3,4,3,0,SI
1446,1,1,3,18,1,1,0,0,2,1,SI
1447,1,1,0,20,1,1,0,3,3,0,SI
1448,1,1,1,21,0,4,4,3,3,0,SI
1449,1,1,3,19,1,0,0,3,3,0,SI
1450,1,1,1,18,1,1,0,1,3,0,SI
1451,1,1,1,20,1,0,0,0,0,1,SI
1452,1,1,4,20,0,1,4,2,3,0,SI
1453,1,1,3,19,1,1,0,3,3,0,SI
1454,1,1,2,18,0,0,0,3,3,1,SI
1455,1,1,4,20,1,0,0,1,3,0,SI
1456,1,1,1,19,0,0,0,2,0,1,SI
1457,1,1,1,18,1,0,0,1,3,1,SI
1458,1,1,2,17,1,0,0,1,3,0,SI
1459,1,1,1,18,0,0,0,1,3,0,SI
1460,1,1,4,22,0,1,0,3,3,0,SI
1461,1,1,1,19,1,0,3,3,3,0,SI
1462,1,1,4,20,1,1,0,2,0,1,SI
1463,1,1,1,17,0,1,0,3,3,0,SI
1464,1,1,1,29,1,4,4,0,3,0,SI
1465,1,0,1,19,0,0,0,1,0,1,SI
1466,1,1,4,19,0,2,0,3,0,1,SI
1467,1,1,1,17,1,1,0,1,2,1,SI
1468,1,1,0,17,0,0,0,0,0,1,SI
1469,1,1,2,17,1,1,4,2,0,1,SI
1470,1,1,3,19,1,0,0,3,0,1,SI
1471,1,1,3,20,0,0,0,3,3,0,SI
1472,1,1,3,18,1,0,0,1,0,1,SI
1473,1,1,4,23,1,4,0,0,1,1,SI
1474,1,1,3,18,0,0,4,3,3,0,SI
1475,1,1,4,19,1,1,4,2,3,0,SI
1476,1,1,2,18,1,4,0,1,3,0,SI
1477,1,1,1,18,1,1,0,0,3,0,SI
1478,1,1,1,19,0,0,0,3,3,0,SI
1479,1,1,2,19,1,1,0,3,3,0,SI
1480,1,1,4,18,0,4,0,3,3,0,SI
1481,1,1,2,19,0,0,0,3,3,0,SI
1482,1,1,4,28,1,0,0,3,3,0,SI
1483,1,1,3,19,1,0,4,4,0,1,SI
1484,1,1,2,18,0,1,0,2,3,0,SI
1485,1,1,0,18,1,0,1,0,3,0,SI
1486,1,1,3,24,1,1,0,1,3,0,SI
1487,1,1,0,17,1,0,0,1,2,1,SI
1488,1,1,3,18,0,0,3,0,3,1,SI
1489,1,1,1,20,1,0,0,3,0,1,SI
1490,1,1,1,17,1,0,0,1,3,0,SI
1491,1,1,2,20,1,0,0,0,0,1,SI
1492,1,1,2,18,1,0,0,3,0,1,SI
1493,1,1,2,18,1,0,0,1,1,1,SI
1494,1,1,4,21,1,3,1,2,0,1,SI
1495,1,1,2,19,1,1,0,1,3,0,SI
1496,1,1,4,19,1,1,4,3,3,0,SI
1497,1,1,3,20,1,1,0,0,3,0,SI
1498,1,1,4,20,0,1,4,2,3,0,SI
1499,1,1,4,19,1,1,0,1,1,1,SI
1500,1,1,4,18,1,1,4,0,1,1,SI
1501,1,1,4,20,1,1,0,0,0,1,SI
1502,1,1,1,20,0,1,4,2,3,0,SI
1503,1,1,4,19,1,1,4,3,3,0,SI
1504,1,1,3,18,0,1,0,0,0,1,SI
1505,1,1,4,20,0,1,4,3,1,1,SI
1506,1,1,4,21,1,1,0,0,3,0,SI
1507,1,1,4,23,1,1,0,3,3,0,SI
1508,1,1,3,17,1,1,0,1,0,1,SI
1509,1,1,1,18,1,1,0,3,3,0,SI
1510,1,1,4,20,1,1,0,1,3,0,SI
1511,1,1,2,18,1,1,1,1,0,1,SI
1512,1,1,0,18,0,0,4,3,1,1,SI
1513,1,1,2,20,0,0,3,2,3,0,SI
1514,1,1,4,19,1,1,0,3,0,1,SI
1515,1,1,3,23,0,0,0,2,3,0,SI
1516,1,1,0,19,1,0,0,1,3,0,SI
1517,1,1,3,19,1,1,1,3,0,1,SI
1518,1,1,1,18,1,0,0,1,2,1,SI
1519,1,1,2,19,1,0,0,3,0,1,SI
1520,1,1,4,19,0,4,0,2,0,1,SI
1521,1,1,1,17,1,1,0,1,0,1,SI
1522,1,1,1,18,1,1,0,3,3,0,SI
1523,1,1,1,18,1,2,4,1,0,1,SI
1524,1,1,0,19,1,0,0,3,3,0,SI
1525,1,1,1,19,0,0,0,1,3,0,SI
1526,1,1,4,21,0,1,0,3,3,0,SI
1527,1,1,1,19,0,0,4,4,3,0,SI
1528,0,0,0,15,0,4,0,3,3,0,NO
1529,1,1,2,19,0,0,0,3,3,0,SI
1530,1,1,1,17,0,0,0,3,0,0,SI
1531,1,1,1,20,0,2,0,2,0,1,SI
1532,1,1,1,18,0,3,4,3,0,1,SI
1533,1,1,1,19,1,0,1,3,1,1,SI
1534,1,1,1,18,1,0,0,1,0,1,SI
1535,1,1,1,18,1,1,4,3,0,1,SI
1536,1,1,1,19,0,0,0,3,3,0,SI
1537,1,1,2,20,1,4,1,0,0,1,SI
1538,1,1,3,20,1,0,0,2,3,0,SI
1539,1,1,2,22,1,1,4,1,1,1,SI
1540,1,1,2,19,1,0,0,3,2,1,SI
1541,1,1,2,17,1,4,0,1,0,1,SI
1542,1,1,4,22,1,4,0,0,3,0,SI
1543,1,1,0,24,1,1,0,0,3,0,SI
1544,1,1,2,20,1,2,0,3,3,0,SI
1545,1,1,4,20,1,0,4,3,3,0,SI
1546,1,1,2,19,1,0,3,1,0,1,SI
1547,1,1,1,18,0,3,0,3,0,1,SI
1548,1,1,0,20,0,4,0,2,0,1,SI
1549,0,0,0,16,0,0,0,3,3,1,NO
1550,1,1,2,20,1,0,0,1,0,1,SI
1551,1,1,3,18,1,1,0,3,2,1,SI
1552,1,1,4,20,1,1,1,1,0,1,SI
1553,1,1,2,17,1,1,0,3,0,1,SI
1554,1,1,3,21,1,1,0,0,0,1,SI
1555,1,1,2,19,1,1,0,1,3,0,SI
1556,1,1,3,19,0,1,0,3,3,0,SI
1557,1,1,4,19,0,1,0,2,3,0,SI
1558,1,1,4,21,1,1,1,0,3,0,SI
1559,1,1,2,20,1,1,0,1,0,1,SI
1560,1,1,2,17,1,1,0,3,2,1,SI
1561,1,1,0,17,1,0,0,3,0,1,SI
1562,1,1,3,19,1,0,4,1,0,1,SI
1563,1,1,2,19,0,0,4,3,3,0,SI
1564,1,1,2,19,0,0,4,4,0,1,SI
1565,1,1,3,29,0,0,1,3,3,0,SI
1566,1,1,4,20,0,0,4,3,3,0,SI
1567,1,1,1,18,1,0,3,3,0,1,SI
1568,1,1,2,19,0,0,0,3,3,0,SI
1569,1,1,2,18,1,0,0,1,3,0,SI
1570,1,1,2,21,1,0,4,0,3,0,SI
1571,1,1,3,19,0,1,0,3,3,0,SI
1572,1,1,2,18,1,1,4,0,3,0,SI
1573,1,1,0,17,1,0,0,1,1,1,SI
1574,1,1,2,18,1,0,0,0,1,1,SI
1575,1,1,4,21,1,0,0,0,0,1,SI
1576,1,0,1,18,0,0,4,3,3,0,SI
1577,1,1,4,22,0,0,4,3,0,1,SI
1578,1,1,1,19,0,0,0,3,0,1,SI
1579,1,1,0,19,1,0,3,3,1,1,SI
1580,1,1,2,17,1,0,4,0,1,1,SI
1581,1,1,2,19,1,4,0,1,3,0,SI
1582,1,1,3,19,1,1,0,1,0,1,SI
1583,1,1,0,17,1,2,0,1,0,1,SI
1584,1,1,2,19,1,0,1,1,0,1,SI
1585,1,1,2,19,1,0,0,0,0,1,SI
1586,1,1,0,17,0,0,0,0,0,1,SI
1587,1,1,2,22,0,0,4,3,3,0,SI
1588,1,1,0,16,1,2,0,1,0,1,NO
1589,1,1,1,19,1,0,0,3,3,0,SI
1590,1,1,2,24,0,3,4,2,3,1,SI
1591,1,1,2,18,1,0,4,3,3,0,SI
1592,1,1,4,20,0,0,0,3,3,0,SI
1593,1,1,1,18,1,0,4,1,0,1,SI
1594,1,1,0,19,1,0,4,3,0,1,SI
1595,1,1,3,20,1,0,4,0,0,1,SI
1596,1,1,0,17,0,4,4,3,3,0,SI
1597,1,1,1,18,1,0,0,0,0,1,SI
1598,1,1,2,18,1,1,0,1,0,1,SI
1599,1,1,1,18,1,1,0,3,3,0,SI
1600,1,1,3,20,1,1,0,0,0,1,SI
1601,1,1,4,21,1,1,0,0,3,0,SI
1602,1,1,2,19,1,1,4,1,2,1,SI
1603,1,1,3,18,0,1,4,3,3,0,SI
1604,1,1,4,18,1,1,0,1,3,0,SI
1605,1,1,1,19,0,0,0,3,3,0,SI
1606,1,1,2,17,0,2,0,3,0,1,SI
1607,1,1,2,19,1,0,4,3,0,1,SI
1608,1,1,2,33,0,4,0,3,3,0,SI
1609,1,1,2,19,1,0,0,3,0,1,SI
1610,1,1,1,22,1,0,0,3,3,0,SI
1611,1,1,2,19,0,0,0,1,0,1,SI
1612,1,1,4,20,1,1,4,0,0,1,SI
1613,1,1,4,19,1,1,0,3,0,1,SI
1614,1,1,1,18,1,0,1,2,3,0,SI
1615,1,1,0,18,1,0,0,3,0,1,SI
1616,0,0,1,21,0,2,0,3,3,0,NO
1617,1,1,2,18,1,1,4,3,0,1,SI
1618,1,1,0,16,1,3,0,0,0,1,SI
1619,1,1,4,19,1,0,4,3,1,1,SI
1620,1,1,4,25,1,1,1,3,3,1,SI
1621,1,1,2,18,1,0,4,3,3,0,SI
1622,1,1,2,18,1,0,1,3,3,0,SI
1623,1,1,0,18,0,0,0,4,3,0,SI
1624,1,1,2,19,1,0,0,2,3,0,SI
1625,1,1,1,20,1,0,0,3,0,1,SI
1626,1,1,3,19,1,0,0,1,2,1,SI
1627,1,1,3,19,1,0,4,1,1,1,SI
1628,1,1,0,18,1,0,4,3,0,1,SI
1629,1,1,0,18,1,0,4,1,3,0,SI
1630,1,1,0,16,1,2,0,1,2,1,NO
1631,1,1,2,18,1,0,0,1,0,1,SI
1632,1,1,1,17,0,0,1,1,0,1,SI
1633,1,1,1,20,0,0,0,3,1,1,SI
1634,1,1,4,18,0,1,0,1,3,0,SI
1635,1,1,2,18,1,1,0,1,2,1,SI
1636,1,1,4,24,1,4,4,0,3,1,SI
1637,1,1,2,18,1,0,0,3,3,0,SI
1638,1,1,1,18,1,0,0,3,2,1,SI
1639,1,1,1,19,0,0,0,1,1,1,SI
1640,1,1,1,19,1,0,0,0,3,0,SI
1641,1,1,1,19,0,0,0,0,3,0,SI
1642,1,1,2,19,0,0,0,1,0,1,SI
1643,1,1,2,19,1,0,0,3,3,0,SI
1644,1,1,2,19,1,0,0,3,3,0,SI
1645,1,1,3,19,1,0,0,2,3,0,SI
1646,1,1,0,16,0,4,4,3,1,1,SI
1647,1,1,0,19,1,0,0,1,0,1,SI
1648,1,1,1,18,0,0,2,2,3,0,SI
1649,1,1,2,19,0,2,0,0,3,1,SI
1650,1,1,2,19,0,0,0,1,3,0,SI
1651,1,1,1,19,1,0,4,4,3,0,SI
1652,1,1,2,18,0,1,0,1,0,1,SI
1653,1,1,3,20,0,1,0,0,3,0,SI
1654,1,1,4,21,0,1,2,1,3,0,SI
1655,1,1,4,20,0,1,1,2,3,0,SI
1656,1,1,3,17,0,1,0,1,0,1,SI
1657,1,1,3,19,1,1,0,1,1,1,SI
1658,1,1,3,17,1,1,0,1,0,1,SI
1659,1,1,4,20,1,1,4,2,1,1,SI
1660,1,1,2,19,1,1,4,2,3,0,SI
1661,1,1,2,19,0,1,4,3,0,1,SI
1662,1,1,2,19,1,0,0,3,3,0,SI
1663,1,1,4,21,1,0,4,3,3,0,SI
1664,1,1,1,18,1,4,1,3,1,1,SI
1665,1,1,2,19,1,0,0,1,3,0,SI
1666,1,1,4,27,1,0,0,1,2,1,SI
1667,1,1,2,21,1,1,0,4,3,0,SI
1668,1,1,2,19,1,0,4,2,0,0,SI
1669,1,1,2,18,1,0,1,4,0,1,SI
1670,1,1,3,19,1,0,0,0,0,1,SI
1671,1,1,0,17,1,0,0,3,3,0,SI
1672,1,1,2,18,1,1,0,0,0,1,SI
1673,1,1,3,19,1,1,3,1,0,1,SI
1674,1,1,4,21,0,1,0,3,3,0,SI
1675,1,1,2,20,0,1,0,2,3,0,SI
1676,1,1,2,19,1,0,0,3,0,1,SI
1677,1,1,0,17,1,2,0,1,1,1,SI
1678,1,1,1,20,1,0,4,3,3,0,SI
1679,1,1,3,21,0,0,0,2,3,0,SI
1680,1,1,0,19,0,0,2,2,0,1,SI
1681,1,1,0,17,1,4,4,0,1,1,NO
1682,1,1,2,20,0,0,0,0,3,0,SI
1683,1,1,1,19,1,0,0,0,0,1,SI
1684,1,1,0,19,0,0,0,2,3,0,SI
1685,1,1,2,19,0,1,0,3,3,0,SI
1686,1,1,1,18,1,0,4,2,3,0,SI
1687,1,1,0,21,1,4,0,1,0,1,SI
1688,1,1,4,21,1,1,2,1,3,0,SI
1689,1,1,2,18,1,0,4,3,0,1,SI
1690,1,1,2,21,1,0,4,3,3,0,SI
1691,1,1,2,17,1,0,0,1,0,1,SI
1692,1,1,4,20,1,2,0,0,0,1,SI
1693,1,1,1,19,1,0,0,0,3,0,SI
1694,1,1,2,19,1,1,0,0,3,0,SI
1695,1,1,2,18,0,0,4,3,0,1,SI
1696,1,1,3,19,1,0,0,3,3,0,SI
1697,1,1,1,19,1,0,0,1,3,0,SI
1698,1,1,2,20,1,0,0,1,0,1,SI
1699,1,1,2,17,1,1,0,3,3,0,SI
1700,1,1,3,17,1,1,4,1,1,1,SI
1701,1,1,4,19,0,1,0,1,0,1,SI
1702,1,1,4,20,1,1,3,1,3,0,SI
1703,1,1,4,19,0,1,0,1,0,1,SI
1704,1,1,4,20,0,1,4,3,3,0,SI
1705,1,0,3,21,0,1,1,4,3,0,SI
1706,1,1,2,21,0,1,0,0,0,1,SI
1707,1,1,4,20,1,1,0,0,1,1,SI
1708,1,1,2,20,0,0,1,2,3,0,SI
1709,1,1,4,20,1,1,0,0,0,1,SI
1710,1,1,3,19,1,0,0,3,1,1,SI
1711,1,1,2,18,1,0,4,1,0,1,SI
1712,1,1,2,19,0,0,2,4,3,0,SI
1713,1,1,0,17,1,0,0,1,0,1,SI
1714,1,1,0,16,1,4,0,1,0,1,SI
1715,1,1,4,22,1,1,0,3,0,1,SI
1716,1,1,3,19,1,0,0,3,3,0,SI
1717,1,1,3,25,0,0,0,1,0,1,SI
1718,1,1,2,19,1,4,0,3,3,0,SI
1719,1,0,4,21,0,0,0,0,3,0,SI
1720,1,1,4,24,0,1,3,1,3,0,SI
1721,1,1,3,20,0,0,0,3,0,1,SI
1722,1,1,3,17,1,4,0,0,0,1,SI
1723,1,1,1,18,1,0,1,3,3,0,SI
1724,1,1,4,20,0,0,4,4,0,1,SI
1725,1,1,2,19,0,0,0,0,3,0,SI
1726,1,1,0,19,1,0,4,3,3,0,SI
1727,1,1,4,26,1,4,2,1,0,1,SI
1728,1,1,0,16,0,0,0,2,0,1,SI
1729,1,1,4,20,1,1,0,0,0,1,SI
1730,1,1,3,19,1,4,0,2,3,0,SI
1731,1,1,0,18,0,0,0,1,1,1,SI
1732,1,1,3,28,0,1,4,3,0,1,SI
1733,1,1,3,18,1,0,0,0,3,1,SI
1734,1,1,0,20,0,0,4,3,3,0,SI
1735,1,1,1,17,1,0,0,1,0,1,SI
1736,1,1,1,17,0,4,0,0,1,1,SI
1737,1,1,1,17,0,0,4,3,3,0,SI
1738,1,1,2,20,1,0,0,0,3,0,SI
1739,1,1,2,19,1,0,0,1,3,0,SI
1740,1,1,0,16,0,3,0,2,1,1,SI
1741,1,1,1,18,1,0,0,3,3,0,SI
1742,0,0,0,16,0,2,0,3,3,1,NO
1743,1,1,0,17,1,0,0,4,3,0,SI
1744,1,1,1,20,1,0,0,0,3,0,SI
1745,1,1,1,19,1,1,1,2,0,1,SI
1746,0,0,0,16,0,3,0,3,3,1,NO
1747,1,1,3,19,1,0,0,0,0,1,SI
1748,1,1,1,18,1,4,4,2,0,1,SI
1749,1,1,4,18,1,4,0,3,3,1,SI
1750,1,1,0,17,1,1,0,1,0,1,SI
1751,1,1,1,17,1,0,4,3,3,0,SI
1752,1,1,2,19,0,0,0,3,3,1,SI
1753,1,1,2,18,1,0,0,3,2,1,SI
1754,1,1,3,20,1,1,4,3,0,0,SI
1755,1,1,2,17,1,0,0,0,0,1,SI
1756,1,1,3,19,0,0,0,0,3,0,SI
1757,1,1,0,18,1,0,0,1,0,1,SI
1758,1,1,3,21,0,0,0,0,3,0,SI
1759,1,1,1,17,1,0,0,2,0,1,SI
1760,1,1,2,21,1,1,4,1,2,1,SI
1761,1,1,3,20,1,1,0,0,3,0,SI
1762,1,1,2,19,1,1,0,3,3,0,SI
1763,1,1,2,17,1,1,2,1,0,1,SI
1764,1,1,4,18,0,1,1,3,3,0,SI
1765,1,1,3,18,1,1,2,3,0,1,SI
1766,1,1,4,20,1,1,0,1,0,1,SI
1767,1,1,2,19,1,1,0,1,1,1,SI
1768,1,1,2,19,1,1,0,3,3,0,SI
1769,1,1,3,17,0,1,0,1,2,1,SI
1770,1,1,3,19,0,1,4,3,3,0,SI
1771,1,1,2,18,1,1,0,3,3,0,SI
1772,1,1,4,22,0,0,0,3,3,0,SI
1773,1,1,2,19,0,0,0,2,3,0,SI
1774,1,1,3,19,1,4,3,3,3,0,SI
1775,1,1,0,16,1,3,4,2,0,1,SI
1776,1,1,0,17,0,0,4,2,0,1,SI
1777,1,1,0,16,0,0,0,0,0,1,SI
1778,1,1,2,19,1,1,4,3,3,0,SI
1779,1,1,1,18,1,0,0,1,2,1,SI
1780,1,1,0,17,0,0,0,3,2,1,SI
1781,1,1,0,16,0,2,0,3,0,1,SI
1782,1,1,2,18,0,0,4,4,3,0,SI
1783,1,1,3,20,1,4,0,3,3,0,SI
1784,1,1,0,22,0,0,4,0,3,0,SI
1785,1,1,3,18,1,1,0,4,0,1,SI
1786,1,1,1,19,1,0,0,1,0,1,SI
1787,1,1,2,20,1,0,0,0,3,0,SI
1788,1,1,2,18,1,0,0,0,3,0,SI
1789,1,1,0,17,1,0,0,1,0,1,SI
1790,1,1,4,18,1,4,0,0,0,1,SI
1791,1,1,0,16,1,0,0,1,2,1,SI
1792,1,1,3,19,1,0,0,0,3,0,SI
1793,1,1,1,19,0,0,4,4,3,0,SI
1794,1,1,2,20,0,0,4,1,3,0,SI
1795,1,1,2,20,1,0,0,1,3,0,SI
1796,1,1,0,17,1,0,0,1,1,1,SI
1797,1,1,4,20,1,0,0,1,3,0,SI
1798,1,1,2,19,1,0,0,3,1,1,SI
1799,1,1,2,17,0,0,0,3,3,0,SI
1800,1,1,1,17,1,1,0,0,1,1,SI
1801,1,1,0,16,1,4,0,1,0,1,SI
1802,1,1,2,18,1,0,0,1,1,1,SI
1803,1,1,4,20,1,0,1,2,3,1,SI
1804,1,1,1,18,1,0,4,0,0,1,SI
1805,1,1,0,18,1,0,0,1,0,1,SI
1806,1,1,1,17,1,1,0,3,0,1,SI
1807,1,1,2,20,1,0,4,3,3,0,SI
1808,1,1,1,20,1,0,0,0,0,1,SI
1809,1,1,1,18,0,0,4,1,3,0,SI
1810,1,1,4,21,1,0,0,3,3,0,SI
1811,1,1,2,19,1,1,0,1,0,1,SI
1812,1,1,1,19,1,0,0,3,3,0,SI
1813,1,1,1,17,0,0,0,3,0,0,SI
1814,1,1,0,18,1,0,4,3,2,1,SI
1815,1,1,0,18,0,0,0,0,3,1,SI
1816,1,1,1,18,1,0,0,1,0,1,SI
1817,1,1,1,20,0,0,0,2,3,0,SI
1818,1,1,1,18,1,1,0,1,2,1,SI
1819,1,1,2,17,1,1,1,0,0,1,SI
1820,1,1,1,17,1,1,0,2,3,0,SI
1821,1,1,3,19,1,1,0,2,0,1,SI
1822,1,1,4,21,1,1,0,3,0,1,SI
1823,1,1,2,20,1,1,0,3,0,1,SI
1824,1,1,1,18,1,1,0,3,3,0,SI
1825,1,1,4,20,1,1,4,0,3,0,SI
1826,1,1,3,33,1,1,2,1,3,0,SI
1827,1,1,3,18,1,1,3,1,1,1,SI
1828,1,1,2,19,1,1,0,1,1,1,SI
1829,1,1,4,21,1,1,4,4,0,1,SI
1830,1,1,4,19,1,1,4,3,3,1,SI
1831,1,1,2,19,1,1,0,3,3,0,SI
1832,1,1,4,19,1,0,0,1,3,0,SI
1833,1,1,1,19,1,0,4,1,3,0,SI
1834,1,1,3,20,0,4,0,0,3,0,SI
1835,1,1,4,28,1,0,3,0,3,0,SI
1836,1,1,1,18,0,0,1,3,3,0,SI
1837,1,1,3,19,0,0,4,2,3,0,SI
1838,1,1,0,17,1,0,0,3,0,1,SI
1839,1,1,2,22,1,4,1,0,0,1,SI
1840,1,1,2,19,0,0,0,3,3,0,SI
1841,1,1,0,16,1,3,0,1,2,1,SI
1842,1,1,1,19,1,0,0,1,1,1,SI
1843,1,1,1,18,1,0,0,0,3,0,SI
1844,1,1,2,19,0,0,4,4,3,0,SI
1845,1,1,0,18,1,0,1,0,2,1,SI
1846,1,0,4,22,0,0,4,4,3,0,SI
1847,1,1,2,18,1,0,0,1,1,1,SI
1848,1,1,0,17,0,0,0,2,0,1,SI
1849,1,1,3,20,0,0,4,2,0,1,SI
1850,1,1,0,18,1,0,1,0,3,0,SI
1851,1,1,1,18,1,0,0,3,3,0,SI
1852,1,1,1,21,1,0,4,3,3,1,SI
1853,1,1,0,17,0,0,0,4,3,1,SI
1854,1,1,4,21,1,1,4,1,3,0,SI
1855,1,1,0,19,1,0,4,3,3,0,SI
1856,1,1,2,28,1,1,4,3,3,0,SI
1857,1,1,0,21,1,0,0,1,3,0,SI
1858,1,1,1,19,1,0,1,0,0,1,SI
1859,1,1,0,18,0,0,0,2,3,0,SI
1860,1,1,1,17,0,0,0,0,0,1,SI
1861,1,1,4,20,1,0,4,2,3,0,SI
1862,1,1,1,27,1,0,0,1,0,1,SI
1863,1,1,1,17,1,1,0,1,1,1,SI
1864,1,1,0,18,1,0,0,0,0,1,SI
1865,1,1,2,20,0,2,4,2,3,0,SI
1866,1,1,2,19,0,0,0,2,3,0,SI
1867,1,1,2,19,0,0,0,0,0,1,SI
1868,1,1,2,20,1,0,4,3,3,0,SI
1869,1,1,0,17,1,0,4,0,0,1,SI
1870,1,1,0,19,1,4,0,1,0,1,SI
1871,1,1,4,19,1,0,0,1,1,1,SI
1872,1,1,0,17,1,4,0,3,1,1,SI
1873,1,1,2,17,0,4,4,3,0,1,SI
1874,1,1,3,18,1,0,0,0,0,1,SI
1875,1,0,2,29,0,4,0,0,3,0,SI
1876,1,1,1,17,1,0,1,0,3,0,SI
1877,1,1,0,17,0,0,4,3,0,1,SI
1878,1,1,0,18,1,0,0,0,0,1,SI
1879,1,1,3,20,1,0,0,1,0,0,SI
1880,1,1,2,19,1,1,0,1,0,1,SI
1881,1,1,0,17,1,0,4,0,1,1,SI
1882,1,1,2,18,1,0,4,0,3,0,SI
1883,1,1,4,29,1,0,0,0,3,0,SI
1884,1,1,3,20,0,0,4,2,3,0,SI
1885,1,1,2,18,1,1,0,1,2,1,SI
1886,1,1,1,18,1,0,4,0,3,0,SI
1887,1,1,1,18,1,0,0,0,0,1,SI
1888,1,1,0,17,1,4,0,3,3,0,SI
1889,1,1,2,19,1,0,4,3,3,0,SI
1890,1,1,1,19,1,0,4,2,3,0,SI
1891,1,1,2,18,1,0,0,1,3,0,SI
1892,1,1,0,18,1,0,0,0,3,0,SI
1893,1,0,3,20,0,0,0,3,3,0,SI
1894,1,1,2,19,0,0,0,2,3,0,SI
1895,1,1,0,18,1,0,0,3,0,1,SI
1896,1,1,0,21,1,0,4,2,3,0,SI
1897,1,1,0,18,1,0,0,1,3,0,SI
1898,1,1,2,27,0,0,0,0,3,0,SI
1899,1,1,3,18,1,1,0,3,0,0,SI
1900,1,1,0,18,1,0,4,3,0,1,SI
1901,1,1,0,17,1,0,0,0,1,1,SI
1902,1,1,2,18,1,0,4,0,3,0,SI
1903,1,1,2,18,1,0,4,3,3,0,SI
1904,1,1,3,18,1,1,0,3,0,1,SI
1905,1,1,1,22,1,4,0,0,0,1,SI
1906,1,1,0,17,1,4,0,1,2,1,NO
1907,1,1,3,19,1,4,0,3,3,0,SI
1908,1,1,2,19,0,0,0,3,3,0,SI
1909,1,1,2,18,1,1,0,0,0,1,SI
1910,1,1,2,18,1,0,0,3,3,0,SI
1911,1,1,1,19,1,0,4,3,0,1,SI
1912,1,1,1,20,0,0,4,3,0,1,SI
1913,1,1,4,21,1,1,0,1,0,1,SI
1914,1,1,0,17,1,4,4,4,0,1,NO
1915,1,1,0,17,1,0,0,1,1,1,SI
1916,1,1,2,18,0,0,0,3,3,0,SI
1917,1,1,2,19,1,0,0,3,3,0,SI
1918,1,1,0,17,1,0,0,1,1,1,SI
1919,1,1,2,18,1,0,0,0,0,1,SI
1920,1,1,0,18,1,0,4,0,0,1,SI
1921,1,1,2,19,1,1,0,3,3,0,SI
1922,1,1,2,17,1,0,0,1,0,0,SI
1923,1,1,0,17,0,0,0,3,3,0,SI
1924,1,1,0,17,0,4,0,0,1,1,SI
1925,1,1,1,18,1,4,0,0,3,0,SI
1926,1,1,1,18,1,0,4,3,3,0,SI
1927,1,1,1,18,0,0,0,1,0,1,SI
1928,1,1,1,18,1,0,0,0,3,0,SI
1929,1,1,1,17,1,0,4,3,3,1,SI
1930,1,1,1,18,1,0,4,3,3,0,SI
1931,1,1,1,19,1,0,0,3,3,0,SI
1932,1,1,2,18,0,0,4,3,0,1,SI
1933,1,1,1,19,1,0,0,3,3,0,SI
1934,1,1,2,18,1,1,4,0,2,1,SI
1935,1,1,1,18,0,0,4,3,3,0,SI
1936,1,1,0,17,0,0,4,3,0,1,SI
1937,1,1,1,19,0,0,0,2,3,0,SI
1938,1,1,2,19,1,0,0,1,2,1,SI
1939,1,1,1,19,0,0,0,2,3,0,SI
1940,1,1,3,19,1,0,0,1,3,0,SI
1941,1,1,2,18,1,0,3,3,0,1,SI
1942,1,1,2,18,1,0,4,0,0,1,SI
1943,1,0,2,20,0,0,0,3,3,0,SI
1944,1,1,1,18,0,0,4,2,3,0,SI
1945,1,1,1,19,1,0,0,0,3,0,SI
1946,1,1,0,18,0,0,4,2,3,0,SI
1947,1,1,0,17,1,4,0,0,0,1,SI
1948,1,1,0,18,0,0,0,2,3,0,SI
1949,1,1,0,26,1,4,0,3,3,1,SI
1950,1,1,2,19,1,0,0,2,3,0,SI
1951,1,1,0,18,1,1,4,3,3,0,SI
1952,1,1,0,16,1,4,0,0,2,1,SI
1953,1,1,1,18,1,0,0,1,0,1,SI
1954,1,1,0,17,1,1,4,3,2,1,SI
1955,1,1,1,19,0,0,4,2,3,0,SI
1956,1,1,2,19,1,0,0,2,3,0,SI
1957,1,1,2,17,1,1,0,2,2,1,SI
1958,1,1,1,20,1,0,4,3,3,0,SI
1959,1,1,0,18,1,0,0,1,0,1,SI
1960,1,1,0,18,1,0,0,3,3,0,SI
1961,1,1,0,17,1,0,0,1,1,1,SI
1962,1,1,1,18,1,0,1,3,2,1,SI
1963,1,1,0,17,0,0,4,0,3,1,SI
1964,1,1,1,17,0,0,0,0,0,1,SI
1965,1,1,1,18,1,0,0,1,2,1,SI
1966,1,1,2,18,1,0,0,1,0,1,SI
1967,1,1,4,22,0,0,4,3,3,0,SI
1968,1,1,1,18,0,0,0,2,1,1,SI
1969,1,1,1,17,1,1,0,1,2,1,SI
1970,1,1,2,18,1,0,0,3,3,0,SI
1971,1,1,2,19,1,0,0,1,0,1,SI
1972,1,1,0,17,1,4,0,0,2,1,SI
1973,1,1,0,22,0,4,0,3,3,0,SI
1974,1,1,1,18,1,0,4,3,0,1,SI
1975,1,1,0,18,1,0,0,0,3,0,SI
1976,1,1,0,18,0,0,0,4,2,0,SI
1977,1,1,4,19,1,4,4,1,1,1,SI
1978,1,1,0,17,0,0,0,1,0,1,SI
1979,1,1,3,18,1,0,1,1,3,0,SI
1980,1,1,0,18,1,0,4,0,2,1,SI
1981,1,1,0,17,1,4,4,1,1,1,NO
1982,1,1,1,19,0,0,4,3,3,0,SI
1983,1,1,1,25,0,4,0,3,0,1,SI
1984,1,1,4,20,0,0,4,3,3,0,SI
1985,1,0,2,18,0,0,0,3,3,0,SI
1986,1,1,1,21,1,1,0,1,0,1,SI
1987,1,1,4,19,1,1,0,0,3,0,SI
1988,1,1,2,17,1,1,4,2,0,1,SI
1989,1,1,0,18,0,1,4,3,1,1,SI
1990,1,1,3,20,0,1,4,0,3,0,SI
1991,1,1,4,21,1,1,0,1,0,1,SI
1992,0,1,1,21,0,1,4,3,3,0,SI
1993,1,1,0,17,1,0,0,1,3,0,SI
1994,1,1,1,19,1,0,0,3,3,0,SI
1995,1,1,1,19,1,0,0,3,3,0,SI
1996,1,1,0,17,1,0,0,2,0,1,SI
1997,1,1,0,17,1,0,0,1,1,1,SI
1998,1,1,2,19,0,0,0,3,3,0,SI
1999,1,1,1,18,1,0,4,0,1,1,SI
2000,1,1,1,18,0,1,3,3,3,0,SI
2001,1,1,0,17,0,0,4,2,3,1,SI
2002,1,1,0,18,1,0,4,1,2,1,SI
2003,1,1,0,17,1,1,0,0,3,1,SI
2004,0,0,0,16,0,0,0,3,3,0,NO
2005,1,1,1,18,0,0,0,1,3,0,SI
2006,1,1,1,18,0,1,4,3,0,1,SI
2007,1,1,3,20,0,0,0,1,3,0,SI
2008,1,1,1,17,1,1,4,3,3,0,SI
2009,1,1,3,20,0,1,0,0,3,0,SI
2010,1,1,0,18,1,0,0,0,3,0,SI
2011,1,1,0,18,1,1,0,1,0,1,SI
2012,1,1,4,20,1,4,4,3,0,1,SI
2013,1,1,2,18,1,0,0,1,0,1,SI
2014,1,1,1,18,0,0,4,4,3,0,SI
2015,1,1,1,19,1,0,0,3,3,0,SI
2016,1,1,0,17,1,4,0,1,2,1,SI
2017,1,1,2,20,0,0,0,0,3,0,SI
2018,1,1,0,20,1,0,0,0,3,0,SI
2019,1,1,0,17,0,0,0,2,3,0,SI
2020,1,1,1,17,0,0,0,0,3,0,SI
2021,1,1,0,16,1,4,0,1,0,1,SI
2022,1,1,2,18,1,0,0,3,3,0,SI
2023,1,1,0,19,1,0,1,3,0,1,SI
2024,1,1,2,20,1,0,1,3,0,1,SI
2025,1,1,0,17,1,2,0,3,2,1,SI
2026,1,1,0,18,1,0,4,4,3,0,SI
2027,1,1,2,21,1,0,0,0,0,1,SI
2028,1,1,3,19,1,0,4,3,3,0,SI
2029,1,1,1,19,1,4,4,0,0,1,SI
2030,1,1,0,18,1,0,0,0,0,0,SI
2031,1,1,2,19,1,0,0,1,3,0,SI
2032,1,1,1,17,1,0,4,1,2,1,SI
2033,1,1,1,20,1,4,1,0,3,0,SI
2034,1,1,2,18,1,0,4,1,0,1,SI
2035,1,1,2,18,1,1,0,3,0,1,SI
2036,1,1,1,19,0,0,0,0,3,0,SI
2037,1,1,0,17,1,4,0,1,1,1,SI
2038,1,1,2,19,0,4,1,4,3,0,SI
2039,0,0,0,15,0,2,0,3,3,1,NO
2040,1,1,0,20,1,0,0,0,3,0,SI
2041,1,1,1,19,0,0,0,2,3,0,SI
2042,1,1,0,19,1,0,4,0,3,0,SI
2043,1,1,0,19,0,4,4,3,0,1,SI
2044,1,1,0,17,0,0,4,1,3,0,SI
2045,1,1,3,24,0,1,4,2,3,0,SI
2046,1,1,1,18,1,1,0,3,0,1,SI
2047,1,1,3,20,1,1,1,2,0,1,SI
2048,1,1,3,18,1,1,0,0,2,1,SI
2049,1,1,2,19,1,1,0,0,3,0,SI
2050,1,1,1,20,1,1,0,0,0,1,SI
2051,0,1,2,20,0,1,4,4,3,0,SI
2052,1,1,4,19,1,1,0,0,0,1,SI
2053,1,1,4,20,0,1,0,2,3,0,SI
2054,1,1,1,25,0,0,0,4,3,0,SI
2055,1,1,1,24,1,4,0,2,3,0,SI
2056,1,1,0,18,1,0,0,3,0,1,SI
2057,1,1,2,17,1,1,0,0,2,1,SI
2058,1,0,2,19,0,1,0,3,3,0,SI
2059,1,1,2,19,1,0,0,3,0,1,SI
2060,1,1,0,18,1,0,0,2,3,0,SI
2061,1,1,1,18,1,0,4,1,2,1,SI
2062,1,1,0,19,0,3,0,3,3,0,SI
2063,1,1,2,21,0,0,0,2,3,0,SI
2064,1,1,3,20,1,4,0,3,0,1,SI
2065,1,1,1,20,1,0,0,3,3,1,SI
2066,1,1,0,17,1,0,4,3,1,1,SI
2067,0,1,4,22,0,4,1,4,3,0,SI
2068,1,1,1,18,1,3,4,3,2,1,SI
2069,1,1,0,18,0,0,3,2,0,1,SI
2070,0,0,0,16,0,2,0,3,3,1,NO
2071,1,1,1,18,1,0,0,0,3,0,SI
2072,1,1,4,19,1,1,0,0,3,1,SI
2073,1,1,1,19,0,0,0,3,3,0,SI
2074,1,1,2,20,1,0,0,3,3,0,SI
2075,1,1,0,16,0,3,0,2,0,1,SI
2076,1,1,0,18,1,4,0,1,0,1,SI
2077,1,1,3,19,0,0,4,3,3,0,SI
2078,1,1,1,18,1,3,0,0,1,1,SI
2079,1,1,1,19,1,1,0,0,0,1,SI
2080,1,1,2,18,1,0,4,2,3,0,SI
2081,0,0,0,17,0,2,0,3,3,1,NO
2082,1,1,0,19,1,0,0,1,0,1,SI
2083,1,1,1,17,1,0,0,1,1,1,SI
2084,1,1,2,19,1,4,0,1,3,0,SI
2085,1,1,3,19,1,0,0,3,3,0,SI
2086,1,1,0,17,0,0,0,3,3,0,SI
2087,1,1,3,20,1,4,0,1,3,1,SI
2088,1,1,1,19,1,4,0,3,3,0,SI
2089,1,1,1,20,1,4,0,1,1,1,SI
2090,1,1,0,20,0,0,3,2,3,0,SI
2091,1,1,0,18,1,0,0,1,3,0,SI
2092,1,1,4,22,1,0,4,3,0,1,SI
2093,1,1,4,21,1,0,3,2,3,0,SI
2094,1,1,4,19,1,1,0,0,1,1,SI
2095,1,1,2,18,1,1,0,3,0,1,SI
2096,1,1,1,18,1,1,0,1,3,0,SI
2097,1,1,0,19,1,0,0,1,2,1,SI
2098,1,1,0,16,1,3,4,0,0,1,SI
2099,1,1,0,18,1,0,0,0,0,1,SI
2100,1,1,1,17,1,1,0,0,3,0,SI
2101,1,1,0,16,1,2,0,1,1,1,SI
2102,1,1,4,21,1,0,0,0,3,0,SI
2103,1,1,3,19,0,0,4,3,0,0,SI
2104,1,0,1,19,0,0,0,3,3,0,SI
2105,1,1,4,36,0,4,4,2,3,0,SI
2106,1,1,3,19,1,0,0,0,1,1,SI
2107,1,1,1,18,1,1,0,1,3,0,SI
2108,1,1,2,19,1,0,4,3,0,1,SI
2109,1,0,1,19,0,4,2,0,3,0,SI
2110,1,1,0,17,0,0,0,3,3,0,SI
2111,1,0,1,19,0,4,4,0,3,0,SI
2112,1,1,1,18,1,0,0,0,3,0,SI
2113,1,1,0,20,0,4,4,0,3,0,SI
2114,1,1,2,19,0,2,0,3,3,0,SI
2115,1,1,4,20,0,4,4,2,3,1,SI
2116,0,0,0,16,0,0,0,3,3,1,NO
2117,1,1,0,19,1,0,0,3,3,0,SI
2118,0,0,0,13,0,2,0,3,3,1,NO
2119,1,1,0,16,1,3,0,1,2,1,SI
2120,1,1,1,18,0,0,4,2,3,0,SI
2121,1,1,1,20,0,0,0,1,0,1,SI
2122,1,1,3,19,1,1,0,0,3,0,SI
2123,1,1,0,18,1,1,2,0,1,1,SI
2124,1,1,1,19,1,1,4,1,0,1,SI
2125,1,1,2,20,1,1,0,1,0,1,SI
2126,1,1,2,21,1,1,3,2,0,1,SI
2127,1,1,3,21,1,1,4,1,3,0,SI
2128,1,1,2,17,0,1,0,3,3,0,SI
2129,1,1,2,18,1,1,0,3,3,0,SI
2130,1,1,3,18,1,1,0,1,3,1,SI
2131,1,1,4,20,1,1,4,2,0,1,SI
2132,1,1,2,21,1,1,0,0,3,0,SI
2133,1,1,4,19,1,1,0,3,3,0,SI
2134,1,1,1,19,1,1,0,3,3,0,SI
2135,1,1,3,19,1,1,0,1,2,1,SI
2136,1,1,3,21,1,1,4,2,3,0,SI
2137,1,1,4,20,0,1,1,3,3,0,SI
2138,1,1,2,19,1,1,0,1,0,1,SI
2139,1,1,3,21,1,4,4,2,0,1,SI
2140,1,1,1,18,1,0,0,0,3,0,SI
2141,1,1,0,18,1,0,4,0,2,1,SI
2142,1,1,1,18,0,0,0,3,3,0,SI
2143,1,1,2,20,1,0,0,0,3,0,SI
2144,0,0,0,16,0,2,0,3,3,1,NO
2145,1,1,0,17,1,4,0,1,2,1,SI
2146,1,1,3,18,1,1,0,0,1,1,SI
2147,1,1,0,17,1,0,4,0,3,1,SI
2148,1,1,0,19,0,0,4,0,3,0,SI
2149,1,1,0,25,1,3,4,2,3,0,SI
2150,1,1,0,17,1,0,0,1,1,1,SI
2151,1,1,2,20,0,4,4,4,1,1,SI
2152,1,1,0,19,1,4,1,0,3,0,SI
2153,1,1,0,17,1,0,0,1,1,1,SI
2154,1,1,3,19,1,0,1,3,0,1,SI
2155,1,1,2,19,0,0,0,3,2,1,SI
2156,1,1,3,19,0,2,0,3,3,0,SI
2157,1,1,2,20,1,4,0,0,3,0,SI
2158,1,1,4,24,0,4,0,0,3,0,SI
2159,1,1,0,18,1,1,1,0,3,0,SI
2160,1,1,2,20,1,0,0,2,3,0,SI
2161,1,1,1,18,1,4,0,3,3,1,SI
2162,1,1,2,19,1,0,0,1,0,1,SI
2163,1,1,1,19,1,1,0,1,3,0,SI
2164,1,1,1,19,1,0,0,0,3,0,SI
2165,1,1,0,16,1,0,0,1,0,1,SI
2166,1,1,1,18,0,0,0,2,3,0,SI
2167,1,1,1,18,1,0,1,0,3,0,SI
2168,1,1,1,18,1,0,0,1,3,0,SI
2169,1,1,3,21,0,0,4,0,3,0,SI
2170,1,1,0,18,0,0,0,0,3,0,SI
2171,1,1,2,19,1,4,0,1,0,1,SI
2172,1,1,1,19,0,0,0,3,0,0,SI
2173,1,1,2,21,1,4,4,2,0,1,SI
2174,1,1,4,18,1,0,0,1,2,1,SI
2175,1,1,0,17,1,0,0,1,2,1,SI
2176,1,1,1,18,1,0,0,1,0,1,SI
2177,1,1,3,19,1,1,0,3,3,0,SI
2178,1,1,1,19,0,4,4,3,0,1,SI
2179,1,1,0,21,0,0,0,0,3,0,SI
2180,1,1,3,31,1,0,1,1,3,0,SI
2181,1,1,2,20,1,0,1,3,0,1,SI
2182,1,1,2,19,1,0,0,1,2,1,SI
2183,1,1,3,23,1,0,0,3,3,0,SI
2184,1,1,4,19,1,1,1,0,0,1,SI
2185,1,1,2,18,0,0,0,2,3,1,SI
2186,1,1,1,20,1,0,1,2,1,1,SI
2187,1,1,1,20,1,0,1,1,3,0,SI
2188,1,1,0,18,1,0,3,1,0,1,SI
2189,1,1,4,23,1,3,0,0,3,0,SI
2190,1,1,0,17,1,4,4,0,2,1,SI
2191,1,1,3,20,1,1,0,4,3,0,SI
2192,1,1,0,19,1,4,4,1,0,1,SI
2193,1,0,3,19,0,1,0,3,3,0,SI
2194,1,1,2,17,1,1,4,3,0,1,SI
2195,1,1,4,30,1,4,0,1,3,0,SI
2196,1,1,4,29,0,4,1,4,3,0,SI
2197,1,1,3,18,1,1,0,0,1,1,SI
2198,1,1,2,18,1,1,0,1,3,0,SI
2199,1,1,1,21,1,1,3,1,0,1,SI
2200,1,1,4,30,1,1,0,1,3,0,SI
2201,1,1,3,19,1,1,0,0,0,1,SI
2202,1,1,3,18,1,1,0,1,3,0,SI
2203,1,1,1,17,1,1,0,0,1,1,SI
2204,1,1,3,19,1,1,4,3,0,1,SI
2205,1,1,1,18,1,1,0,4,0,1,SI
2206,1,1,4,19,1,1,0,1,0,1,SI
2207,1,1,2,19,1,1,0,0,0,1,SI
2208,1,1,3,19,1,1,0,3,0,0,SI
2209,1,1,4,24,0,1,0,0,3,0,SI
2210,1,1,2,18,1,1,0,3,3,0,SI
2211,1,1,0,20,1,1,1,3,3,0,SI
2212,1,1,2,19,1,1,0,1,1,1,SI
2213,1,1,2,19,0,1,4,2,3,0,SI
2214,1,1,2,18,1,1,0,1,3,0,SI
2215,1,1,1,18,1,4,2,0,0,1,SI
2216,1,1,3,23,1,0,1,2,3,0,SI
2217,1,1,4,20,1,1,4,1,3,0,SI
2218,1,1,3,20,1,2,0,0,3,0,SI
2219,1,1,2,19,0,0,4,3,3,0,SI
2220,1,1,2,19,0,0,0,3,3,0,SI
2221,0,0,0,15,0,2,0,3,3,1,NO
2222,1,1,3,17,1,0,4,0,2,1,SI
2223,1,1,2,19,0,0,0,3,3,0,SI
2224,1,1,1,17,1,0,0,1,0,1,SI
2225,1,1,2,19,1,0,0,0,3,0,SI
2226,1,1,0,19,1,0,4,3,3,0,SI
2227,1,1,2,20,0,4,0,1,3,0,SI
2228,1,1,0,23,1,4,0,1,0,1,SI
2229,1,1,4,22,1,1,3,3,0,1,SI
2230,1,1,1,20,0,0,4,0,3,0,SI
2231,1,1,1,18,1,0,0,3,3,0,SI
2232,1,0,3,19,0,0,0,3,3,0,SI
2233,1,1,0,19,1,0,3,1,3,0,SI
2234,1,1,1,18,0,0,4,2,3,0,SI
2235,1,1,2,18,1,1,1,2,0,1,SI
2236,1,1,0,19,1,0,0,0,0,1,SI
2237,1,1,3,21,0,0,3,3,3,0,SI
2238,1,1,3,22,0,1,0,3,3,0,SI
2239,1,1,2,18,1,1,0,0,0,1,SI
2240,1,1,2,21,1,2,0,3,0,1,SI
2241,1,1,1,18,1,1,0,1,1,1,SI
2242,1,1,3,27,1,1,0,3,0,1,SI
2243,0,0,0,17,0,0,0,3,3,1,NO
2244,1,1,4,23,0,0,4,3,0,1,SI
2245,1,1,2,23,0,0,0,3,3,0,SI
2246,1,1,1,17,0,0,0,0,3,0,SI
2247,1,1,0,19,1,3,4,1,2,1,SI
2248,0,0,1,16,0,0,0,3,3,1,NO
2249,1,1,1,20,0,0,0,0,3,0,SI
2250,1,1,1,20,1,0,0,0,3,0,SI
2251,1,1,0,18,1,0,0,0,3,0,SI
2252,1,0,1,18,0,0,0,0,0,1,SI
2253,1,1,0,19,0,0,4,4,3,0,SI
2254,1,1,2,19,0,0,3,1,0,1,SI
2255,1,1,0,18,0,4,2,4,3,0,SI
2256,1,1,0,18,1,0,0,3,0,1,SI
2257,1,1,1,18,1,0,0,3,0,1,SI
2258,1,1,4,19,1,1,0,0,0,1,SI
2259,1,1,2,19,1,0,1,3,0,1,SI
2260,1,1,4,20,0,0,4,3,3,0,SI
2261,1,1,0,18,1,0,0,0,3,0,SI
2262,1,1,0,17,1,0,0,3,0,1,SI
2263,1,1,2,18,1,1,0,1,0,1,SI
2264,1,1,4,20,1,1,0,3,3,0,SI
2265,1,1,4,19,1,0,0,3,3,0,SI
2266,1,1,4,22,0,0,0,3,0,1,SI
2267,1,1,0,18,0,0,0,0,3,0,SI
2268,1,1,1,20,1,0,4,1,0,1,SI
2269,1,1,2,19,1,0,0,4,3,0,SI
2270,1,1,3,19,1,0,1,1,2,1,SI
2271,1,1,1,24,1,0,4,3,0,1,SI
2272,1,1,0,17,1,1,0,3,0,1,SI
2273,1,1,0,19,1,1,0,1,0,1,SI
2274,1,0,3,20,0,1,0,3,3,0,SI
2275,1,1,4,20,1,1,0,0,0,1,SI
2276,1,1,3,22,0,1,4,3,1,1,SI
2277,1,1,2,23,1,1,0,3,3,0,SI
2278,1,1,1,19,1,1,4,1,0,0,SI
2279,1,1,3,19,0,1,4,3,3,0,SI
2280,1,1,4,19,1,1,0,3,3,0,SI
2281,1,1,2,18,1,1,0,1,3,1,SI
2282,1,1,3,18,0,1,0,3,3,0,SI
2283,1,1,3,18,0,1,0,1,1,1,SI
2284,1,1,2,19,0,1,4,0,0,1,SI
2285,1,1,2,18,0,1,4,4,3,0,SI
2286,1,1,4,21,0,1,4,3,3,0,SI
2287,1,1,4,20,1,1,0,0,1,1,SI
2288,1,1,2,19,1,1,0,0,3,0,SI
2289,1,1,1,22,1,1,1,0,3,1,SI
2290,1,1,2,19,1,1,0,3,0,1,SI
2291,1,1,4,23,0,1,0,3,3,0,SI
2292,1,1,1,18,1,1,4,0,3,0,SI
2293,1,1,2,19,0,4,0,2,3,0,SI
2294,1,1,0,18,1,0,3,1,3,0,SI
2295,1,1,1,19,1,1,0,1,3,0,SI
2296,1,1,1,20,0,0,4,4,0,1,SI
2297,1,1,2,18,1,1,0,3,3,1,SI
2298,1,1,0,16,1,3,4,1,1,1,SI
2299,1,1,4,19,0,0,4,3,3,0,SI
2300,1,1,0,18,1,0,0,0,2,1,SI
2301,1,1,2,21,0,0,3,4,3,0,SI
2302,1,1,1,18,0,0,4,2,3,0,SI
2303,1,1,0,22,1,0,4,0,3,0,SI
2304,1,1,4,18,1,0,3,1,3,0,SI
2305,1,1,2,18,1,4,0,1,0,1,SI
2306,1,1,2,21,1,1,0,3,3,0,SI
2307,0,0,3,19,0,0,0,3,3,1,NO
2308,1,1,0,17,1,0,0,1,0,1,SI
2309,1,1,3,18,1,0,0,3,1,1,SI
2310,1,1,1,19,0,4,0,1,0,1,SI
2311,1,1,2,20,0,2,3,4,3,0,SI
2312,1,1,2,19,1,1,0,0,3,0,SI
2313,1,1,2,19,1,0,0,0,1,1,SI
2314,1,1,0,18,1,0,0,3,2,1,SI
2315,1,1,0,18,1,0,0,1,2,1,SI
2316,1,1,3,19,1,4,0,0,3,0,SI
2317,1,1,4,19,0,0,0,3,0,1,SI
2318,1,1,3,20,0,0,0,0,3,0,SI
2319,1,1,4,20,0,4,4,4,3,0,SI
2320,1,1,1,19,1,0,4,0,0,1,SI
2321,1,1,0,26,1,4,0,3,0,1,SI
2322,1,1,0,19,1,0,0,0,0,1,SI
2323,1,1,3,20,1,0,4,0,3,0,SI
2324,0,0,0,16,0,4,0,3,3,1,NO
2325,1,1,3,24,1,2,0,1,0,1,SI
2326,1,1,0,17,1,4,0,0,2,1,SI
2327,1,1,3,20,1,1,0,1,3,0,SI
2328,1,1,2,18,0,0,0,3,3,0,SI
2329,1,1,0,18,1,0,4,3,3,0,SI
2330,1,1,0,18,1,4,0,1,1,1,SI
2331,1,1,3,20,1,0,4,2,0,1,SI
2332,1,1,4,20,1,0,0,0,0,1,SI
2333,1,1,0,17,1,0,0,0,3,0,SI
2334,1,1,0,18,0,0,0,1,3,0,SI
2335,1,1,1,29,1,4,0,3,3,1,SI
2336,1,1,0,17,1,2,0,1,1,1,SI
2337,1,1,3,19,1,0,0,3,0,1,SI
2338,0,0,0,17,0,2,0,3,3,1,NO
2339,1,1,2,20,0,1,4,0,3,1,SI
2340,1,1,4,19,1,1,0,1,0,1,SI
2341,1,1,2,18,0,1,0,4,3,0,SI
2342,1,1,4,18,1,1,0,0,1,1,SI
2343,1,1,2,19,1,1,0,1,0,0,SI
2344,1,1,1,18,1,1,0,1,1,1,SI
2345,1,1,2,18,0,1,0,3,3,0,SI
2346,1,1,4,21,0,1,4,2,3,0,SI
2347,1,1,0,17,1,1,0,3,1,1,SI
2348,1,1,2,18,1,1,0,3,2,1,SI
2349,1,1,2,51,1,1,0,1,3,0,SI
2350,1,1,3,25,0,1,0,2,3,0,SI
2351,1,1,1,18,1,1,0,0,2,1,SI
2352,1,1,3,21,0,1,4,2,3,0,SI
2353,1,1,2,19,1,1,4,0,3,0,SI
2354,1,1,2,21,0,0,4,3,3,0,SI
2355,0,0,0,16,0,2,0,3,3,1,NO
2356,1,1,0,16,1,0,0,1,2,1,SI
2357,1,1,2,19,0,0,4,2,3,0,SI
2358,1,1,0,19,1,0,0,3,3,0,SI
2359,1,1,4,19,0,1,0,3,3,1,SI
2360,1,1,1,17,1,1,0,0,1,1,SI
2361,0,0,0,16,0,3,0,3,3,0,NO
2362,1,1,1,18,1,1,0,0,1,1,SI
2363,1,1,1,17,1,0,0,1,3,0,SI
2364,1,1,4,20,1,4,0,0,3,0,SI
2365,1,1,3,19,1,0,0,1,3,0,SI
2366,1,1,1,18,1,0,0,3,3,1,SI
2367,1,1,2,22,1,0,4,1,3,0,SI
2368,1,1,0,20,0,0,0,3,3,0,SI
2369,0,0,0,17,0,3,0,3,3,1,NO
2370,1,1,0,18,1,4,0,1,3,0,SI
2371,1,1,2,47,1,4,2,1,3,0,SI
2372,1,1,0,18,1,0,0,1,1,1,SI
2373,1,1,0,26,1,4,0,3,3,0,SI
2374,1,1,0,16,1,2,4,1,2,1,NO
2375,1,1,2,19,0,0,4,3,1,1,SI
2376,1,1,1,22,1,0,1,3,0,1,SI
2377,1,1,1,18,0,0,2,1,3,0,SI
2378,1,1,1,22,1,0,0,0,3,0,SI
2379,1,1,0,18,0,4,4,2,3,0,SI
2380,1,1,3,19,1,1,4,0,3,0,SI
2381,1,1,2,19,1,0,0,0,3,0,SI
2382,1,1,1,19,0,0,0,0,3,0,SI
2383,1,1,2,19,1,1,0,0,0,1,SI
2384,0,0,0,16,0,3,0,3,3,1,NO
2385,1,1,2,43,1,4,0,1,3,0,SI
2386,1,1,0,17,1,0,0,1,3,0,SI
2387,1,1,2,19,0,0,0,1,0,0,SI
2388,1,1,2,18,1,1,0,1,0,1,SI
2389,1,1,2,21,1,4,0,1,0,1,SI
2390,1,1,3,21,0,0,1,3,3,0,SI
2391,1,1,0,17,1,0,0,0,0,1,SI
2392,1,1,1,18,0,0,1,3,0,1,SI
2393,1,0,2,16,0,0,4,0,2,1,SI
2394,1,1,1,19,1,0,0,3,0,1,SI
2395,1,1,2,18,1,0,1,1,2,1,SI
2396,1,1,0,17,0,4,4,4,1,1,SI
2397,0,0,0,17,0,4,0,3,3,1,NO
2398,1,1,3,20,0,1,2,3,3,0,SI
2399,1,1,1,19,1,0,0,3,0,1,SI
2400,1,1,1,18,0,0,0,2,1,1,SI
2401,1,1,3,19,1,0,0,3,3,0,SI
2402,1,1,1,19,1,0,4,2,3,0,SI
2403,1,1,4,18,1,0,4,3,3,0,SI
2404,1,1,0,18,1,0,0,1,0,1,SI
2405,0,0,0,17,0,2,0,3,3,1,NO
2406,1,1,2,18,1,0,0,3,3,0,SI
2407,1,1,0,21,1,1,4,3,3,0,SI
2408,1,1,3,19,1,1,0,1,1,1,SI
2409,1,1,3,19,0,1,0,1,3,0,SI
2410,1,1,2,18,1,1,0,1,0,1,SI
2411,1,1,2,19,0,1,1,3,0,1,SI
2412,1,1,1,17,1,1,0,1,0,1,SI
2413,1,1,2,19,1,1,4,3,1,1,SI
2414,1,1,4,22,0,1,0,3,0,1,SI
2415,1,1,3,19,1,1,0,1,2,1,SI
2416,1,1,1,18,0,0,0,0,3,0,SI
2417,1,1,1,17,1,0,4,3,0,1,SI
2418,1,1,2,20,0,4,4,2,0,1,SI
2419,1,1,0,17,0,0,0,2,0,1,SI
2420,1,1,0,21,1,3,4,3,3,0,SI
2421,1,1,3,19,1,0,4,4,3,0,SI
2422,1,1,2,20,0,0,4,1,0,1,SI
2423,1,1,0,17,0,4,0,3,0,1,NO
2424,1,1,2,20,1,0,1,0,0,1,SI
2425,1,1,1,20,1,0,0,1,2,1,SI
2426,1,1,4,19,1,1,0,1,0,1,SI
2427,1,1,3,19,0,0,4,2,1,1,SI
2428,1,1,2,20,0,0,0,3,3,0,SI
2429,1,1,3,19,1,1,0,1,3,0,SI
2430,1,1,0,18,1,0,0,1,3,0,SI
2431,1,1,1,18,0,0,4,1,3,0,SI
2432,1,1,2,21,0,4,0,2,3,0,SI
2433,1,1,2,17,0,0,0,3,0,1,SI
2434,1,1,1,19,1,1,0,0,3,0,SI
2435,1,1,3,19,1,0,0,3,3,0,SI
2436,1,1,1,19,0,0,4,3,3,0,SI
2437,1,1,4,22,1,0,4,3,0,0,SI
2438,1,1,0,20,1,0,0,0,3,1,SI
2439,1,1,1,18,1,0,0,3,3,0,SI
2440,1,1,1,17,1,0,1,1,0,1,SI
2441,1,1,4,20,1,2,0,3,3,0,SI
2442,1,1,2,17,0,4,4,3,2,1,SI
2443,1,1,1,22,0,1,1,1,3,0,SI
2444,0,0,0,15,0,3,0,3,3,1,NO
2445,1,1,2,20,1,1,0,0,0,1,SI
2446,0,0,0,16,0,3,0,3,3,1,NO
2447,1,1,2,19,0,0,0,0,3,0,SI
2448,0,0,1,17,0,1,0,3,3,1,NO
2449,1,1,2,19,1,0,0,0,0,1,SI
2450,1,1,1,17,1,1,0,1,3,0,SI
2451,1,1,1,19,0,0,2,1,1,1,SI
2452,1,0,4,20,0,0,0,0,0,0,SI
2453,1,1,0,17,0,0,0,0,3,0,SI
2454,1,1,2,18,1,1,0,3,0,1,SI
2455,1,1,4,22,1,1,0,3,3,0,SI
2456,1,1,1,20,1,0,0,2,3,0,SI
2457,1,1,4,21,1,4,0,3,3,1,SI
2458,1,1,0,19,1,4,0,1,0,1,SI
2459,0,0,0,16,0,2,0,3,3,1,NO
2460,1,1,1,19,1,0,0,3,3,0,SI
2461,1,1,0,19,1,2,0,1,3,0,SI
2462,1,1,1,18,0,4,4,2,3,0,SI
2463,1,1,2,19,1,0,0,0,1,1,SI
2464,1,1,0,18,0,4,2,2,3,0,SI
2465,1,1,0,17,0,0,0,1,0,1,SI
2466,1,1,2,19,1,0,0,0,0,1,SI
2467,1,1,2,18,0,1,0,3,3,0,SI
2468,1,1,1,19,1,0,0,0,3,1,SI
2469,1,1,1,18,1,4,1,1,2,1,SI
2470,1,1,1,18,0,0,4,3,0,1,SI
2471,1,1,1,18,1,0,0,3,3,0,SI
2472,1,1,0,18,0,0,4,4,3,0,SI
2473,1,1,2,21,1,4,0,1,2,1,SI
2474,1,1,3,20,0,2,4,2,3,0,SI
2475,1,1,0,17,1,2,0,3,3,1,NO
2476,1,1,1,20,0,0,2,3,0,1,SI
2477,1,1,2,20,1,0,0,1,0,1,SI
2478,1,1,4,20,1,1,0,1,1,1,SI
2479,1,1,1,17,1,1,0,1,1,1,SI
2480,1,1,1,18,0,1,4,3,3,0,SI
2481,1,1,2,19,1,1,1,1,3,0,SI
2482,1,1,3,19,1,1,3,0,2,1,SI
2483,1,1,4,20,1,1,0,3,0,1,SI
2484,1,1,1,19,1,1,0,0,0,1,SI
2485,1,1,4,19,1,1,0,0,1,1,SI
2486,1,1,3,19,0,1,0,2,3,0,SI
2487,1,1,3,18,1,1,0,1,0,1,SI
2488,1,1,3,20,1,1,0,3,3,0,SI
2489,1,1,2,18,0,1,1,2,0,1,SI
2490,1,1,2,18,0,1,0,1,0,0,SI
2491,1,1,2,19,1,1,0,3,3,0,SI
2492,1,1,4,20,0,1,0,0,3,0,SI
2493,1,1,2,18,1,1,0,0,3,0,SI
2494,1,1,1,19,1,1,4,3,0,1,SI
2495,1,1,1,18,1,1,0,0,0,1,SI
2496,1,1,2,20,0,1,4,2,3,0,SI
2497,1,1,1,20,0,1,0,3,3,0,SI
2498,1,1,1,18,0,1,4,3,0,1,SI
2499,1,1,3,20,1,1,0,3,0,1,SI
2500,1,1,1,20,0,0,4,4,1,1,SI
2501,1,1,0,18,0,4,1,3,0,1,SI
2502,1,0,1,17,0,0,0,0,0,1,SI
2503,0,0,2,15,0,0,0,3,3,1,NO
2504,1,1,3,20,1,0,0,2,3,0,SI
2505,1,1,2,20,1,1,0,3,3,0,SI
2506,1,1,0,20,1,2,4,0,3,0,SI
2507,0,0,0,12,0,2,0,3,3,1,NO
2508,1,1,0,19,1,0,0,0,3,0,SI
2509,1,1,3,22,1,0,4,0,3,0,SI
2510,1,1,3,19,1,1,0,1,2,1,SI
2511,1,1,0,17,1,4,0,0,0,1,SI
2512,1,1,1,18,1,1,0,1,1,1,SI
2513,1,1,0,18,1,0,0,0,3,0,SI
2514,1,1,3,20,1,0,4,3,0,1,SI
2515,1,1,3,21,0,0,0,3,0,1,SI
2516,1,1,0,17,0,3,0,0,0,1,SI
2517,1,1,2,19,1,0,0,3,3,0,SI
2518,1,1,0,16,1,2,0,3,0,1,SI
2519,0,0,0,17,0,4,0,3,3,1,NO
2520,1,1,1,18,0,0,0,3,1,1,SI
2521,1,1,2,20,1,1,0,1,0,1,SI
2522,1,1,3,25,1,0,0,3,3,0,SI
2523,1,1,4,20,1,1,0,1,0,1,SI
2524,1,1,2,19,1,0,4,2,0,1,SI
2525,1,1,1,18,1,0,0,0,3,0,SI
2526,1,1,0,17,1,0,4,3,3,0,SI
2527,1,1,1,18,1,0,0,3,3,0,SI
2528,1,1,1,17,1,0,0,3,3,0,SI
2529,1,1,2,22,0,0,4,2,3,0,NO
2530,1,1,3,22,0,1,0,3,3,0,SI
